-- phpMyAdmin SQL Dump
-- version 4.5.1
-- http://www.phpmyadmin.net
--
-- Host: 127.0.0.1
-- Generation Time: May 07, 2018 at 05:48 AM
-- Server version: 10.1.19-MariaDB
-- PHP Version: 5.6.28

SET SQL_MODE = "NO_AUTO_VALUE_ON_ZERO";
SET time_zone = "+00:00";


/*!40101 SET @OLD_CHARACTER_SET_CLIENT=@@CHARACTER_SET_CLIENT */;
/*!40101 SET @OLD_CHARACTER_SET_RESULTS=@@CHARACTER_SET_RESULTS */;
/*!40101 SET @OLD_COLLATION_CONNECTION=@@COLLATION_CONNECTION */;
/*!40101 SET NAMES utf8mb4 */;

--
-- Database: `dba2`
--

-- --------------------------------------------------------

--
-- Table structure for table `admins`
--

DROP TABLE IF EXISTS `admins`;
CREATE TABLE `admins` (
  `id` int(10) UNSIGNED NOT NULL,
  `name` varchar(255) COLLATE utf8_unicode_ci NOT NULL DEFAULT '',
  `email` varchar(255) CHARACTER SET latin1 NOT NULL DEFAULT '',
  `password` varchar(255) COLLATE utf8_unicode_ci NOT NULL DEFAULT '',
  `remember_token` varchar(100) COLLATE utf8_unicode_ci DEFAULT NULL,
  `created_at` timestamp NOT NULL DEFAULT CURRENT_TIMESTAMP,
  `updated_at` timestamp NOT NULL DEFAULT '0000-00-00 00:00:00'
) ENGINE=InnoDB DEFAULT CHARSET=utf8 COLLATE=utf8_unicode_ci;

--
-- Truncate table before insert `admins`
--

TRUNCATE TABLE `admins`;
--
-- Dumping data for table `admins`
--

INSERT INTO `admins` (`id`, `name`, `email`, `password`, `remember_token`, `created_at`, `updated_at`) VALUES
(1, 'Syahril Admin', 'admin@admin.com', '$2y$10$QrGBtmcNt9UwHa4hGaPniuDGhvHUT8scljh.UKUooaFn8v7Gk2W4u', '4wZOGDTCTL6aHWgYJT70U31HQ2bv4SJhkM5PYZMGmpVq8WjMxeHgLXFZWUmp', '2017-01-14 01:12:09', '2016-11-20 02:11:14');

-- --------------------------------------------------------

--
-- Table structure for table `agama`
--

DROP TABLE IF EXISTS `agama`;
CREATE TABLE `agama` (
  `id` int(11) NOT NULL,
  `kode` varchar(20) DEFAULT NULL,
  `nama` varchar(50) DEFAULT NULL
) ENGINE=InnoDB DEFAULT CHARSET=latin1;

--
-- Truncate table before insert `agama`
--

TRUNCATE TABLE `agama`;
--
-- Dumping data for table `agama`
--

INSERT INTO `agama` (`id`, `kode`, `nama`) VALUES
(1, '', 'Islam'),
(2, NULL, 'Kristen');

-- --------------------------------------------------------

--
-- Table structure for table `akun`
--

DROP TABLE IF EXISTS `akun`;
CREATE TABLE `akun` (
  `aka` int(11) NOT NULL DEFAULT '0',
  `id` int(6) NOT NULL COMMENT 'id akun',
  `urut` int(4) NOT NULL,
  `parentid` int(6) NOT NULL DEFAULT '0' COMMENT 'id parent',
  `nokun` varchar(7) NOT NULL DEFAULT ' ' COMMENT 'nomor akun',
  `nakun` varchar(50) NOT NULL DEFAULT ' ' COMMENT 'nama akun',
  `level` int(1) NOT NULL DEFAULT '0' COMMENT 'level akun',
  `sn` char(1) NOT NULL DEFAULT '' COMMENT 'saldo normal',
  `ai` char(1) NOT NULL DEFAULT '' COMMENT 'Induk atau Anak',
  `ap` char(1) NOT NULL DEFAULT '' COMMENT 'Aktiva atau Pasiva, untuk lap neraca',
  `L1` int(6) NOT NULL DEFAULT '0' COMMENT 'level 1 pada laporan keuangan',
  `L2` int(6) NOT NULL DEFAULT '0' COMMENT 'level 2 pada laporan keuangan',
  `L3` int(6) NOT NULL DEFAULT '0' COMMENT 'level 3 pada laporan keuangan',
  `L4` int(6) NOT NULL DEFAULT '0' COMMENT 'level 4 pada laporan keuangan',
  `p7` tinyint(4) DEFAULT '0',
  `p8` tinyint(4) DEFAULT '0',
  `p9` tinyint(4) DEFAULT '0',
  `iddep` int(11) DEFAULT '0',
  `nr` char(1) NOT NULL,
  `foh` tinyint(4) DEFAULT '0',
  `upl` tinyint(4) DEFAULT '0',
  `pg` tinyint(4) DEFAULT '0',
  `created_at` date NOT NULL,
  `updated_at` date NOT NULL
) ENGINE=InnoDB DEFAULT CHARSET=latin1 COMMENT='InnoDB free: 10240 kB; InnoDB free: 9216 kB';

--
-- Truncate table before insert `akun`
--

TRUNCATE TABLE `akun`;
--
-- Dumping data for table `akun`
--

INSERT INTO `akun` (`aka`, `id`, `urut`, `parentid`, `nokun`, `nakun`, `level`, `sn`, `ai`, `ap`, `L1`, `L2`, `L3`, `L4`, `p7`, `p8`, `p9`, `iddep`, `nr`, `foh`, `upl`, `pg`, `created_at`, `updated_at`) VALUES
(0, 1, 1, 0, '100.00', 'Aktiva', 1, 'D', 'I', 'A', 1, 0, 0, 0, 1, 1, 1, 0, 'N', 0, 0, 0, '0000-00-00', '0000-00-00'),
(0, 2, 0, 0, '200.00', 'Pasiva', 1, 'K', 'I', 'P', 2, 0, 0, 0, 1, 1, 1, 0, 'N', 0, 0, 0, '0000-00-00', '0000-00-00'),
(0, 3, 0, 0, '300.00', 'Modal', 1, 'K', 'I', 'P', 3, 0, 0, 0, 1, 1, 1, 0, '0', 0, 0, 0, '0000-00-00', '0000-00-00'),
(0, 4, 0, 0, '400.00', 'Pendapatan ', 1, 'K', 'I', 'D', 4, 0, 0, 0, 1, 1, 1, 0, '0', 0, 0, 0, '0000-00-00', '0000-00-00'),
(0, 5, 0, 0, '500.00', 'Harga Pokok Penjualan', 1, 'D', 'I', 'B', 5, 0, 0, 0, 1, 1, 1, 0, '0', 0, 0, 0, '0000-00-00', '0000-00-00'),
(0, 7, 0, 0, '600.00', 'Beban Operasional Perusahaan', 1, 'D', 'I', 'B', 7, 0, 0, 0, 1, 1, 1, 0, '0', 0, 0, 0, '0000-00-00', '0000-00-00'),
(0, 8, 2, 1, '110.00', 'Aktiva Lancarxxxx sssss', 2, 'D', 'I', 'A', 1, 8, 0, 0, 1, 1, 1, 0, 'N', 0, 0, 0, '0000-00-00', '0000-00-00'),
(0, 9, 3, 8, '111.00', 'Kasxxx   ssssss', 3, 'D', 'I', 'A', 1, 8, 9, 0, 1, 1, 1, 0, 'N', 0, 0, 0, '0000-00-00', '0000-00-00'),
(0, 10, 4, 9, '111.01', 'Kas Kecilxx', 4, 'D', 'A', 'A', 1, 8, 9, 10, 1, 1, 1, 0, 'N', 0, 0, 0, '0000-00-00', '0000-00-00'),
(0, 11, 5, 9, '111.02', 'Kas Besarxxx', 4, 'D', 'A', 'A', 1, 8, 9, 11, 0, 1, 0, 0, 'N', 0, 0, 0, '0000-00-00', '0000-00-00'),
(0, 14, 7, 8, '112.00', 'Bankxx', 3, 'D', 'I', 'A', 1, 8, 14, 0, 1, 1, 1, 0, '0', 0, 0, 0, '0000-00-00', '0000-00-00'),
(0, 15, 8, 14, '112.01', 'Bank Mandirixxxx', 4, 'D', 'A', 'A', 1, 8, 14, 15, 0, 0, 0, 0, '0', 0, 0, 0, '0000-00-00', '0000-00-00'),
(0, 16, 9, 8, '113.00', 'Piutang Giro', 3, 'D', 'I', 'A', 1, 8, 16, 0, 1, 1, 1, 0, '0', 0, 0, 0, '0000-00-00', '0000-00-00'),
(0, 17, 10, 16, '113.01', 'Piutang Giro', 4, 'D', 'A', 'A', 1, 8, 16, 17, 1, 1, 1, 0, '0', 0, 0, 1, '0000-00-00', '0000-00-00'),
(0, 18, 11, 16, '113.02', 'Piutang Giro Tolak', 4, 'D', 'A', 'A', 1, 8, 16, 18, 1, 1, 1, 0, '0', 0, 0, 0, '0000-00-00', '0000-00-00'),
(0, 23, 12, 8, '114.00', 'Piutang Dagang', 3, 'D', 'I', 'A', 1, 8, 23, 0, 1, 1, 1, 0, '0', 0, 0, 0, '0000-00-00', '0000-00-00'),
(0, 24, 13, 23, '114.01', 'Piutang Dagang', 4, 'D', 'A', 'A', 1, 8, 23, 24, 1, 1, 1, 0, '0', 0, 0, 0, '0000-00-00', '0000-00-00'),
(0, 26, 0, 1, '120.00', 'Aktiva Tetap', 2, 'D', 'I', 'A', 1, 26, 0, 0, 1, 1, 1, 0, '0', 0, 0, 0, '0000-00-00', '0000-00-00'),
(0, 27, 0, 26, '121.00', 'Investasi', 3, 'D', 'I', 'A', 1, 26, 27, 0, 1, 1, 1, 0, '0', 0, 0, 0, '0000-00-00', '0000-00-00'),
(0, 28, 0, 27, '121.01', 'Piutang Investasi Cabang', 4, 'D', 'A', 'A', 1, 26, 27, 28, 0, 0, 0, 0, '0', 0, 0, 0, '0000-00-00', '0000-00-00'),
(0, 29, 0, 26, '122.00', 'HP Aktiva Tetap Berwujud', 3, 'D', 'I', 'A', 1, 26, 29, 0, 1, 1, 1, 0, '0', 0, 0, 0, '0000-00-00', '0000-00-00'),
(0, 30, 0, 29, '122.01', 'Harga Perolehan Compressor', 4, 'D', 'A', 'A', 1, 26, 29, 30, 1, 1, 1, 0, '0', 0, 0, 0, '0000-00-00', '0000-00-00'),
(0, 31, 0, 29, '122.02', 'Akum. Penyusutan Compressor', 4, 'D', 'A', 'A', 1, 26, 29, 31, 1, 1, 1, 0, '0', 0, 0, 0, '0000-00-00', '0000-00-00'),
(0, 32, 0, 29, '122.03', 'Harga Perolehan Bed Liftl', 4, 'D', 'A', 'A', 1, 26, 29, 32, 1, 1, 1, 0, '0', 0, 0, 0, '0000-00-00', '0000-00-00'),
(0, 33, 0, 29, '122.04', 'Akum. Penyusutan Bed Liftl', 4, 'D', 'A', 'A', 1, 26, 29, 33, 1, 1, 1, 0, '0', 0, 0, 0, '0000-00-00', '0000-00-00'),
(0, 37, 0, 26, '123.00', 'Aktiva Tetap Dalam Proses', 3, 'D', 'I', 'A', 1, 26, 37, 0, 1, 1, 1, 0, '0', 0, 0, 0, '0000-00-00', '0000-00-00'),
(0, 38, 0, 37, '123.01', 'Tanah Dalam Proses', 4, 'D', 'A', 'A', 1, 26, 37, 38, 0, 0, 0, 0, '0', 0, 0, 0, '0000-00-00', '0000-00-00'),
(0, 40, 0, 2, '210.00', 'Kewajiban Lancar', 2, 'K', 'I', 'P', 2, 40, 0, 0, 1, 1, 1, 0, '0', 0, 0, 0, '0000-00-00', '0000-00-00'),
(0, 41, 0, 40, '211.00', 'Hutang Giro', 3, 'K', 'I', 'P', 2, 40, 41, 0, 1, 1, 1, 0, '0', 0, 0, 0, '0000-00-00', '0000-00-00'),
(0, 42, 0, 41, '211.01', 'Hutang Giro', 4, 'K', 'A', 'P', 2, 40, 41, 42, 1, 1, 1, 0, '0', 0, 0, 0, '0000-00-00', '0000-00-00'),
(0, 43, 0, 41, '211.02', 'Cad. PH. Hutang Giro', 4, 'K', 'A', 'P', 2, 40, 41, 43, 1, 1, 1, 0, '0', 0, 0, 0, '0000-00-00', '0000-00-00'),
(0, 46, 0, 40, '212.00', 'Hutang Dagang', 3, 'K', 'I', 'P', 2, 40, 46, 0, 1, 1, 1, 0, '0', 0, 0, 0, '0000-00-00', '0000-00-00'),
(0, 47, 0, 46, '212.01', 'Hutang Dagang', 4, 'K', 'A', 'P', 2, 40, 46, 47, 1, 1, 1, 0, '0', 0, 0, 0, '0000-00-00', '0000-00-00'),
(0, 48, 0, 46, '212.02', 'Cad. PH. Hutang Dagang', 4, 'K', 'A', 'P', 2, 40, 46, 48, 1, 1, 1, 0, '0', 0, 0, 0, '0000-00-00', '0000-00-00'),
(0, 51, 0, 40, '214.00', 'Hutang Deposito', 3, 'K', 'I', 'P', 2, 40, 51, 0, 1, 1, 1, 0, '0', 0, 0, 0, '0000-00-00', '0000-00-00'),
(0, 52, 0, 51, '214.01', 'Hutang Deposito Staff', 4, 'K', 'A', 'P', 2, 40, 51, 52, 1, 1, 1, 0, '0', 0, 0, 0, '0000-00-00', '0000-00-00'),
(0, 53, 0, 51, '214.02', 'Hutang Deposito Supervisor', 4, 'K', 'A', 'P', 2, 40, 51, 53, 1, 1, 1, 0, '0', 0, 0, 0, '0000-00-00', '0000-00-00'),
(0, 54, 0, 51, '214.03', 'Hutang Deposito Salesman', 4, 'K', 'A', 'P', 2, 40, 51, 54, 1, 1, 1, 0, '0', 0, 0, 0, '0000-00-00', '0000-00-00'),
(0, 55, 0, 2, '220.00', 'Kewajiban Jangka panjang', 2, 'K', 'I', 'P', 2, 55, 0, 0, 1, 1, 1, 0, '0', 0, 0, 0, '0000-00-00', '0000-00-00'),
(0, 56, 0, 55, '221.00', 'Hutang Bank (KI)', 3, 'K', 'I', 'P', 2, 55, 56, 0, 1, 1, 1, 0, '0', 0, 0, 0, '0000-00-00', '0000-00-00'),
(0, 58, 0, 55, '222.00', 'Hutang Angsuran', 3, 'K', 'I', 'P', 2, 55, 58, 0, 1, 1, 1, 0, '0', 0, 0, 0, '0000-00-00', '0000-00-00'),
(0, 60, 0, 3, '310.00', 'Modal', 2, 'K', 'I', 'P', 3, 60, 0, 0, 1, 1, 1, 0, '0', 0, 0, 0, '0000-00-00', '0000-00-00'),
(0, 61, 0, 3, '320.00', 'Rugi/Laba', 2, 'K', 'I', 'P', 3, 61, 0, 0, 1, 1, 1, 0, '0', 0, 0, 0, '0000-00-00', '0000-00-00'),
(0, 70, 0, 4, '420.00', 'Penjualan Bersih Spare Part', 2, 'K', 'I', 'D', 4, 70, 0, 0, 1, 1, 1, 0, '0', 0, 0, 0, '0000-00-00', '0000-00-00'),
(0, 71, 0, 70, '420.01', 'Penjualan Spare Part', 3, 'K', 'A', 'D', 4, 70, 71, 0, 1, 1, 1, 0, '0', 0, 0, 0, '0000-00-00', '0000-00-00'),
(0, 72, 0, 4, '430.00', 'Penjualan Oli', 2, 'K', 'I', 'D', 4, 72, 0, 0, 1, 1, 1, 0, '0', 0, 0, 0, '0000-00-00', '0000-00-00'),
(0, 76, 0, 5, '510.00', 'Harga Pokok Penjualan Spare part', 2, 'D', 'I', 'B', 5, 76, 0, 0, 1, 1, 1, 0, '0', 0, 0, 0, '0000-00-00', '0000-00-00'),
(0, 113, 14, 8, '115.00', 'Piutang Afiliasi', 3, 'D', 'I', 'A', 1, 8, 113, 0, 1, 1, 1, 0, '0', 0, 0, 0, '0000-00-00', '0000-00-00'),
(0, 114, 15, 113, '115.01', 'Piutang Afiliasi', 4, 'D', 'A', 'A', 1, 8, 113, 114, 1, 1, 1, 0, '0', 0, 0, 0, '0000-00-00', '0000-00-00'),
(0, 120, 0, 0, '800.00', 'Pendapatan/Beban Lain', 1, 'K', 'I', 'D', 120, 0, 0, 0, 1, 1, 1, 0, '0', 0, 0, 0, '0000-00-00', '0000-00-00'),
(0, 121, 0, 0, '900.00', 'Beban Pajak', 1, 'D', 'I', 'B', 121, 0, 0, 0, 1, 1, 1, 0, '0', 0, 0, 0, '0000-00-00', '0000-00-00'),
(0, 125, 0, 5, '520.00', 'Harga Pokok Penjualan Oli', 2, 'D', 'I', 'B', 5, 125, 0, 0, 1, 1, 1, 0, '0', 0, 0, 0, '0000-00-00', '0000-00-00'),
(0, 126, 0, 76, '511.00', 'Harga Pokok Penjualan Spare part', 3, 'D', 'I', 'B', 5, 76, 126, 0, 1, 1, 1, 0, '0', 0, 0, 0, '0000-00-00', '0000-00-00'),
(0, 159, 0, 126, '511.06', 'SPSI Spare part', 4, 'D', 'A', 'B', 5, 76, 126, 159, 1, 1, 1, 0, '0', 0, 0, 0, '0000-00-00', '0000-00-00'),
(0, 160, 0, 126, '511.07', 'Ekspedisi Spare part', 4, 'D', 'A', 'B', 5, 76, 126, 160, 1, 1, 1, 0, '0', 0, 0, 0, '0000-00-00', '0000-00-00'),
(0, 172, 16, 8, '116.00', 'Piutang Direksi', 3, 'D', 'I', 'A', 1, 8, 172, 0, 1, 1, 1, 0, '0', 0, 0, 0, '0000-00-00', '0000-00-00'),
(0, 173, 18, 8, '117.00', 'Piutang Karyawan', 3, 'D', 'I', 'A', 1, 8, 173, 0, 1, 1, 1, 0, '0', 0, 0, 0, '0000-00-00', '0000-00-00'),
(0, 174, 20, 8, '118.00', 'Piutang Persero', 3, 'D', 'I', 'A', 1, 8, 174, 0, 1, 1, 1, 0, '0', 0, 0, 0, '0000-00-00', '0000-00-00'),
(0, 394, 0, 125, '521.00', 'Harga Pokok Penjualan Oli', 3, 'D', 'I', 'B', 5, 125, 394, 0, 1, 1, 1, 0, '0', 0, 0, 0, '0000-00-00', '0000-00-00'),
(0, 400, 0, 394, '521.06', 'SPSI Oli', 4, 'D', 'A', 'B', 5, 125, 394, 400, 0, 1, 1, 0, '0', 0, 0, 0, '0000-00-00', '0000-00-00'),
(0, 401, 0, 394, '521.07', 'Expedisi Oli', 4, 'D', 'A', 'B', 5, 125, 394, 401, 0, 1, 1, 0, '0', 0, 0, 0, '0000-00-00', '0000-00-00'),
(0, 442, 0, 7, '610.00', 'Beban Operasional Marketing', 2, 'D', 'I', 'B', 7, 442, 0, 0, 1, 1, 1, 0, '0', 0, 0, 0, '0000-00-00', '0000-00-00'),
(0, 499, 0, 120, '810.00', 'Pendapatan Non Operasional', 2, 'K', 'I', 'D', 120, 499, 0, 0, 1, 1, 1, 0, '0', 0, 0, 0, '0000-00-00', '0000-00-00'),
(0, 503, 0, 120, '820.00', 'Biaya Non Operasional', 2, 'K', 'I', 'B', 120, 503, 0, 0, 1, 1, 1, 0, '0', 0, 0, 0, '0000-00-00', '0000-00-00'),
(0, 554, 0, 5, '530.00', 'Harga Pokok Penjualan  Accesories', 2, 'D', 'I', 'B', 5, 554, 0, 0, 1, 1, 1, 0, '0', 0, 0, 0, '0000-00-00', '0000-00-00'),
(0, 557, 22, 8, '122.00', 'Piutang Lain-Lain', 3, 'D', 'I', 'A', 1, 8, 557, 0, 1, 1, 1, 0, '0', 0, 0, 0, '0000-00-00', '0000-00-00'),
(0, 604, 21, 174, '118.03', 'Piutang Persero', 4, 'D', 'A', 'A', 1, 8, 174, 604, 0, 0, 0, 0, '0', 0, 0, 0, '0000-00-00', '0000-00-00'),
(0, 616, 17, 172, '116.01', 'Piutang Direksi Pak', 4, 'D', 'A', 'A', 1, 8, 172, 616, 1, 1, 1, 0, 'N', 0, 0, 0, '0000-00-00', '0000-00-00'),
(0, 624, 26, 8, '125.00', 'Piutang Pinjaman', 3, 'D', 'I', 'A', 1, 8, 624, 0, 1, 1, 1, 0, '0', 0, 0, 0, '0000-00-00', '0000-00-00'),
(0, 625, 27, 624, '125.01', 'Piutang Pinjaman', 4, 'D', 'A', 'A', 1, 8, 624, 625, 0, 0, 0, 0, '0', 0, 0, 0, '0000-00-00', '0000-00-00'),
(0, 629, 28, 8, '127.00', 'Persedian Barang', 3, 'D', 'I', 'A', 1, 8, 629, 0, 1, 1, 1, 0, '0', 0, 0, 0, '0000-00-00', '0000-00-00'),
(0, 631, 0, 8, '129.00', 'Biaya Dibayar Dimuka', 3, 'D', 'I', 'A', 1, 8, 631, 0, 1, 1, 1, 0, '0', 0, 0, 0, '0000-00-00', '0000-00-00'),
(0, 632, 0, 8, '130.00', 'Uang Muka Pembelian', 3, 'D', 'I', 'A', 1, 8, 632, 0, 1, 1, 1, 0, '0', 0, 0, 0, '0000-00-00', '0000-00-00'),
(0, 633, 29, 629, '127.01', 'Persediaan Spare Part', 4, 'D', 'A', 'A', 1, 8, 629, 633, 1, 1, 1, 0, '0', 0, 0, 0, '0000-00-00', '0000-00-00'),
(0, 634, 30, 629, '127.02', 'Persediaan Oli', 4, 'D', 'A', 'A', 1, 8, 629, 634, 0, 1, 0, 0, '0', 0, 0, 0, '0000-00-00', '0000-00-00'),
(0, 635, 0, 629, '127.03', 'Persediaan Asseories', 4, 'D', 'A', 'A', 1, 8, 629, 635, 0, 1, 0, 0, '0', 0, 0, 0, '0000-00-00', '0000-00-00'),
(0, 636, 0, 629, '127.04', 'Persediaan Assesories Jadul', 4, 'D', 'A', 'A', 1, 8, 629, 636, 1, 1, 1, 0, '0', 0, 0, 0, '0000-00-00', '0000-00-00'),
(0, 637, 0, 629, '127.05', 'Persediaan Ban', 4, 'D', 'A', 'A', 1, 8, 629, 637, 1, 1, 1, 0, '0', 0, 0, 0, '0000-00-00', '0000-00-00'),
(0, 671, 0, 631, '129.01', 'Asuransi DBM', 4, 'D', 'A', 'A', 1, 8, 631, 671, 1, 1, 1, 0, '0', 0, 0, 0, '0000-00-00', '0000-00-00'),
(0, 673, 0, 631, '129.03', 'Bunga DBM', 4, 'D', 'A', 'A', 1, 8, 631, 673, 1, 1, 1, 0, '0', 0, 0, 0, '0000-00-00', '0000-00-00'),
(0, 674, 0, 631, '129.04', 'Izin & Legalitas DBM', 4, 'D', 'A', 'A', 1, 8, 631, 674, 1, 1, 1, 0, '0', 0, 0, 0, '0000-00-00', '0000-00-00'),
(0, 675, 0, 631, '129.05', 'Keamanan DBM', 4, 'D', 'A', 'A', 1, 8, 631, 675, 1, 1, 1, 0, '0', 0, 0, 0, '0000-00-00', '0000-00-00'),
(0, 676, 0, 631, '129.06', 'Pajak DBM', 4, 'D', 'A', 'A', 1, 8, 631, 676, 1, 1, 1, 0, '0', 0, 0, 0, '0000-00-00', '0000-00-00'),
(0, 677, 0, 631, '129.07', 'Pengembangan Karyawan DBM', 4, 'D', 'A', 'A', 1, 8, 631, 677, 1, 1, 1, 0, '0', 0, 0, 0, '0000-00-00', '0000-00-00'),
(0, 678, 0, 631, '129.08', 'Pengembangan Sistem DBM', 4, 'D', 'A', 'A', 1, 8, 631, 678, 1, 1, 1, 0, '0', 0, 0, 0, '0000-00-00', '0000-00-00'),
(0, 679, 0, 631, '129.09', 'Perawatan DBM', 4, 'D', 'A', 'A', 1, 8, 631, 679, 1, 1, 1, 0, 'N', 0, 0, 0, '0000-00-00', '0000-00-00'),
(0, 680, 0, 631, '129.10', 'Promosi & Iklan DBM', 4, 'D', 'A', 'A', 1, 8, 631, 680, 1, 1, 1, 0, '0', 0, 0, 0, '0000-00-00', '0000-00-00'),
(0, 681, 0, 631, '129.11', 'Sewa DBM', 4, 'D', 'A', 'A', 1, 8, 631, 681, 1, 1, 1, 0, '0', 0, 0, 0, '0000-00-00', '0000-00-00'),
(0, 682, 0, 631, '129.12', 'Gaji Staff Ahli DBM', 4, 'D', 'A', 'A', 1, 8, 631, 682, 1, 1, 1, 0, '0', 0, 0, 0, '0000-00-00', '0000-00-00'),
(0, 683, 0, 631, '129.13', 'THR Dibayar Dimuka ', 4, 'D', 'A', 'A', 1, 8, 631, 683, 1, 1, 1, 0, '0', 0, 0, 0, '0000-00-00', '0000-00-00'),
(0, 684, 0, 631, '129.14', 'Provisi DBM', 4, 'D', 'A', 'A', 1, 8, 631, 684, 1, 1, 1, 0, '0', 0, 0, 0, '0000-00-00', '0000-00-00'),
(0, 685, 0, 631, '129.15', 'Notaris DBM', 4, 'D', 'A', 'A', 1, 8, 631, 685, 1, 1, 1, 0, '0', 0, 0, 0, '0000-00-00', '0000-00-00'),
(0, 686, 0, 631, '129.16', 'Lease DBM', 4, 'D', 'A', 'A', 1, 8, 631, 686, 1, 1, 1, 0, '0', 0, 0, 0, '0000-00-00', '0000-00-00'),
(0, 745, 0, 632, '130.57', 'Uang Muka Pembelian', 4, 'D', 'A', 'A', 1, 8, 632, 745, 0, 0, 0, 0, '0', 0, 0, 0, '0000-00-00', '0000-00-00'),
(0, 747, 0, 27, '121.02', 'Piutang Investasi Cab Sumbar', 4, 'D', 'A', 'A', 1, 26, 27, 747, 0, 0, 0, 0, '0', 0, 0, 0, '0000-00-00', '0000-00-00'),
(0, 748, 0, 27, '121.03', 'Piutang Investasi Cab Lampung', 4, 'D', 'A', 'A', 1, 26, 27, 748, 0, 0, 0, 0, '0', 0, 0, 0, '0000-00-00', '0000-00-00'),
(0, 804, 0, 37, '123.04', 'Gedung & Bangunan Dalam Proses', 4, 'D', 'A', 'A', 1, 26, 37, 804, 0, 0, 0, 0, '0', 0, 0, 0, '0000-00-00', '0000-00-00'),
(0, 847, 0, 26, '125.00', 'Persediaan Aktiva Belum Dipakai', 3, 'D', 'I', 'A', 1, 26, 847, 0, 1, 1, 1, 0, '0', 0, 0, 0, '0000-00-00', '0000-00-00'),
(0, 848, 0, 847, '125.01', 'Bangunan Belum Dipakai', 4, 'D', 'A', 'A', 1, 26, 847, 848, 0, 0, 0, 0, '0', 0, 0, 0, '0000-00-00', '0000-00-00'),
(0, 849, 0, 847, '125.02', 'Peralatan Belum Dipakai', 4, 'D', 'A', 'A', 1, 26, 847, 849, 1, 1, 1, 0, '0', 0, 0, 0, '0000-00-00', '0000-00-00'),
(0, 850, 0, 847, '125.03', 'Mesin Belum Dipakai', 4, 'D', 'A', 'A', 1, 26, 847, 850, 1, 1, 1, 0, '0', 0, 0, 0, '0000-00-00', '0000-00-00'),
(0, 854, 0, 40, '215.00', 'Hutang Direksi', 3, 'K', 'I', 'P', 2, 40, 854, 0, 1, 1, 1, 0, '0', 0, 0, 0, '0000-00-00', '0000-00-00'),
(0, 855, 0, 854, '215.01', 'Hutang Pada Pak A', 4, 'K', 'A', 'P', 2, 40, 854, 855, 1, 1, 1, 0, 'N', 0, 0, 0, '0000-00-00', '0000-00-00'),
(0, 857, 0, 40, '216.00', 'Hutang Lain-Lain', 3, 'K', 'I', 'P', 2, 40, 857, 0, 1, 1, 1, 0, '0', 0, 0, 0, '0000-00-00', '0000-00-00'),
(0, 861, 0, 857, '216.04', 'Hutang Sewa', 4, 'K', 'A', 'P', 2, 40, 857, 861, 1, 1, 1, 0, '0', 0, 0, 0, '0000-00-00', '0000-00-00'),
(0, 863, 0, 857, '216.06', 'Hutang Pameran', 4, 'K', 'A', 'P', 2, 40, 857, 863, 1, 1, 1, 0, '0', 0, 0, 0, '0000-00-00', '0000-00-00'),
(0, 864, 0, 857, '216.07', 'Hutang Persero', 4, 'K', 'A', 'P', 2, 40, 857, 864, 1, 1, 1, 0, '0', 0, 0, 0, '0000-00-00', '0000-00-00'),
(0, 865, 0, 857, '216.08', 'Pendapatan Di Terima Di Muka', 4, 'K', 'A', 'P', 2, 40, 857, 865, 0, 0, 0, 0, '0', 0, 0, 0, '0000-00-00', '0000-00-00'),
(0, 866, 0, 857, '216.09', 'Cad. Management Fee', 4, 'K', 'A', 'P', 2, 40, 857, 866, 1, 1, 1, 0, '0', 0, 0, 0, '0000-00-00', '0000-00-00'),
(0, 867, 0, 40, '217.00', 'Hutang Ekspedisi', 3, 'K', 'I', 'P', 2, 40, 867, 0, 1, 1, 1, 0, '0', 0, 0, 0, '0000-00-00', '0000-00-00'),
(0, 868, 0, 867, '217.01', 'Hutang Ekspedisi', 4, 'K', 'A', 'P', 2, 40, 867, 868, 1, 1, 1, 0, '0', 0, 0, 0, '0000-00-00', '0000-00-00'),
(0, 871, 0, 40, '218.00', 'Hutang Pajak', 3, 'K', 'I', 'P', 2, 40, 871, 0, 1, 1, 1, 0, '0', 0, 0, 0, '0000-00-00', '0000-00-00'),
(0, 872, 0, 871, '218.01', 'Hutang PPH29', 4, 'K', 'A', 'P', 2, 40, 871, 872, 1, 1, 1, 0, '0', 0, 0, 0, '0000-00-00', '0000-00-00'),
(0, 873, 0, 871, '218.02', 'Hutang PPN', 4, 'K', 'A', 'P', 2, 40, 871, 873, 1, 1, 1, 0, '0', 0, 0, 0, '0000-00-00', '0000-00-00'),
(0, 874, 0, 871, '218.03', 'Hutang Bonus Dan Insentif Staff', 4, 'K', 'A', 'P', 2, 40, 871, 874, 1, 1, 1, 0, '0', 0, 0, 0, '0000-00-00', '0000-00-00'),
(0, 875, 0, 40, '219.00', 'Hutang Gaji Karyawan', 3, 'K', 'I', 'P', 2, 40, 875, 0, 1, 1, 1, 0, '0', 0, 0, 0, '0000-00-00', '0000-00-00'),
(0, 876, 0, 875, '219.01', 'Hutang Gaji Karyawan', 4, 'K', 'A', 'P', 2, 40, 875, 876, 1, 1, 1, 0, '0', 0, 0, 0, '0000-00-00', '0000-00-00'),
(0, 886, 0, 875, '219.11', 'Hutang Lembur Karyawan', 4, 'K', 'A', 'P', 2, 40, 875, 886, 0, 0, 0, 0, '0', 0, 0, 0, '0000-00-00', '0000-00-00'),
(0, 896, 0, 875, '219.21', 'Hutang Lembur Harian Adm & Umum', 4, 'K', 'A', 'P', 2, 40, 875, 896, 1, 1, 1, 0, '0', 0, 0, 0, '0000-00-00', '0000-00-00'),
(0, 897, 0, 875, '219.22', 'Hutang Jamsostek Karyawan', 4, 'K', 'A', 'P', 2, 40, 875, 897, 1, 1, 1, 0, '0', 0, 0, 0, '0000-00-00', '0000-00-00'),
(0, 898, 0, 40, '220.00', 'Uang Muka Penjualan', 3, 'K', 'I', 'P', 2, 40, 898, 0, 1, 1, 1, 0, '0', 0, 0, 0, '0000-00-00', '0000-00-00'),
(0, 977, 0, 40, '221.00', 'Cad By Pengiriman Barang', 3, 'K', 'I', 'P', 2, 40, 977, 0, 1, 1, 1, 0, '0', 0, 0, 0, '0000-00-00', '0000-00-00'),
(0, 978, 0, 977, '221.01', 'Cad. By. Krim Barang', 4, 'K', 'A', 'P', 2, 40, 977, 978, 0, 0, 0, 0, '0', 0, 0, 0, '0000-00-00', '0000-00-00'),
(0, 1041, 0, 40, '224.00', 'Hutang Bank (KMK)', 3, 'K', 'I', 'P', 2, 40, 1041, 0, 1, 1, 1, 0, '0', 0, 0, 0, '0000-00-00', '0000-00-00'),
(0, 1042, 0, 1041, '224.01', 'BNI KMK ', 4, 'K', 'A', 'P', 2, 40, 1041, 1042, 0, 0, 0, 0, '0', 0, 0, 0, '0000-00-00', '0000-00-00'),
(0, 1046, 0, 56, '221.01', 'BNI KI  Syafira', 4, 'K', 'A', 'P', 2, 55, 56, 1046, 0, 0, 0, 0, '0', 0, 0, 0, '0000-00-00', '0000-00-00'),
(0, 1056, 0, 58, '222.01', 'Truk BM 9371 RC', 4, 'K', 'A', 'P', 2, 55, 58, 1056, 0, 0, 0, 0, '0', 0, 0, 0, '0000-00-00', '0000-00-00'),
(0, 1057, 0, 58, '222.02', 'Fuso BM 9106 AF', 4, 'K', 'A', 'P', 2, 55, 58, 1057, 0, 0, 0, 0, '0', 0, 0, 0, '0000-00-00', '0000-00-00'),
(0, 1086, 0, 70, '420.02', 'Retur Penjualan Spare Part', 3, 'K', 'A', 'B', 4, 70, 1086, 0, 1, 1, 1, 0, '0', 0, 0, 0, '0000-00-00', '0000-00-00'),
(0, 1087, 0, 70, '420.03', 'Diskon Penjualan Spare Part', 3, 'K', 'A', 'D', 4, 70, 1087, 0, 1, 1, 1, 0, '0', 0, 0, 0, '0000-00-00', '0000-00-00'),
(0, 1088, 0, 70, '420.04', 'Biaya Kirim Spare Part', 3, 'K', 'A', 'B', 4, 70, 1088, 0, 1, 1, 1, 0, '0', 0, 0, 0, '0000-00-00', '0000-00-00'),
(0, 1089, 0, 70, '420.05', 'Insentif Mekanik', 3, 'K', 'A', 'B', 4, 70, 1089, 0, 1, 1, 1, 0, '0', 0, 0, 0, '0000-00-00', '0000-00-00'),
(0, 1090, 0, 72, '430.04', 'Penjualan Oli', 3, 'K', 'A', 'D', 4, 72, 1090, 0, 1, 1, 1, 0, '0', 0, 0, 0, '0000-00-00', '0000-00-00'),
(0, 1091, 0, 72, '430.05', 'Retur Penjualan Oli', 3, 'K', 'A', 'B', 4, 72, 1091, 0, 1, 1, 1, 0, '0', 0, 0, 0, '0000-00-00', '0000-00-00'),
(0, 1092, 0, 72, '430.06', 'Diskon Penjualan Oli', 3, 'K', 'A', 'B', 4, 72, 1092, 0, 1, 1, 1, 0, '0', 0, 0, 0, '0000-00-00', '0000-00-00'),
(0, 1093, 0, 72, '430.07', 'Biaya Kirim Oli', 3, 'K', 'A', 'B', 4, 72, 1093, 0, 1, 1, 1, 0, '0', 0, 0, 0, '0000-00-00', '0000-00-00'),
(0, 1094, 0, 72, '430.08', 'Insentif  oli', 3, 'K', 'A', 'B', 4, 72, 1094, 0, 1, 1, 1, 0, '0', 0, 0, 0, '0000-00-00', '0000-00-00'),
(0, 1095, 0, 4, '440.00', 'Penjualan Bersih Accesories', 2, 'K', 'I', 'D', 4, 1095, 0, 0, 1, 1, 1, 0, '0', 0, 0, 0, '0000-00-00', '0000-00-00'),
(0, 1096, 0, 1095, '440.01', 'Penjualan Accesories', 3, 'K', 'A', 'D', 4, 1095, 1096, 0, 1, 1, 1, 0, '0', 0, 0, 0, '0000-00-00', '0000-00-00'),
(0, 1097, 0, 1095, '440.02', 'Retur Penjualan Accesories', 3, 'K', 'A', 'B', 4, 1095, 1097, 0, 1, 1, 1, 0, '0', 0, 0, 0, '0000-00-00', '0000-00-00'),
(0, 1098, 0, 1095, '440.03', 'Diskon Penjualan Accesories ', 3, 'K', 'A', 'B', 4, 1095, 1098, 0, 1, 1, 1, 0, '0', 0, 0, 0, '0000-00-00', '0000-00-00'),
(0, 1099, 0, 1095, '440.04', 'Biaya Kirim Accesories', 3, 'K', 'A', 'B', 4, 1095, 1099, 0, 1, 1, 1, 0, '0', 0, 0, 0, '0000-00-00', '0000-00-00'),
(0, 1100, 0, 1095, '440.05', 'Insentif  Accesories', 3, 'K', 'A', 'B', 4, 1095, 1100, 0, 1, 1, 1, 0, '0', 0, 0, 0, '0000-00-00', '0000-00-00'),
(0, 1101, 0, 4, '450.00', 'Penjualan Umum', 2, 'K', 'I', 'D', 4, 1101, 0, 0, 1, 1, 1, 0, '0', 0, 0, 0, '0000-00-00', '0000-00-00'),
(0, 1102, 0, 1101, '450.01', 'Penjualan Barang Umum', 3, 'K', 'A', 'D', 4, 1101, 1102, 0, 1, 1, 1, 0, '0', 0, 0, 0, '0000-00-00', '0000-00-00'),
(0, 1103, 0, 1101, '450.02', 'Retur Penjualan Umum', 3, 'K', 'A', 'B', 4, 1101, 1103, 0, 1, 1, 1, 0, '0', 0, 0, 0, '0000-00-00', '0000-00-00'),
(0, 1104, 0, 1101, '450.03', 'Diskon Penjualan Umum', 3, 'K', 'A', 'B', 4, 1101, 1104, 0, 1, 1, 1, 0, '0', 0, 0, 0, '0000-00-00', '0000-00-00'),
(0, 1105, 0, 1101, '450.04', 'Biaya Kirim Umum', 3, 'K', 'A', 'B', 4, 1101, 1105, 0, 1, 1, 1, 0, '0', 0, 0, 0, '0000-00-00', '0000-00-00'),
(0, 1106, 0, 1101, '450.05', 'Insentif Toko/Depo Umum', 3, 'K', 'A', 'B', 4, 1101, 1106, 0, 1, 1, 1, 0, '0', 0, 0, 0, '0000-00-00', '0000-00-00'),
(0, 1222, 0, 554, '531.00', 'Harga Pokok Penjualan  Accesories', 3, 'D', 'I', 'B', 5, 554, 1222, 0, 1, 1, 1, 0, '0', 0, 0, 0, '0000-00-00', '0000-00-00'),
(0, 1228, 0, 1222, '531.06', 'SPSI Accesories', 4, 'D', 'A', 'B', 5, 554, 1222, 1228, 0, 1, 1, 0, '0', 0, 0, 0, '0000-00-00', '0000-00-00'),
(0, 1229, 0, 1222, '531.07', 'Expedisi Beli Accesories', 4, 'D', 'A', 'B', 5, 554, 1222, 1229, 0, 1, 1, 0, '0', 0, 0, 0, '0000-00-00', '0000-00-00'),
(0, 1350, 0, 442, '611.00', 'Beban Operasional Marketing', 3, 'D', 'I', 'B', 7, 442, 1350, 0, 1, 1, 1, 0, '0', 0, 0, 0, '0000-00-00', '0000-00-00'),
(0, 1351, 0, 1350, '611.01', 'B.Penj Gaji Marketing', 4, 'D', 'A', 'B', 7, 442, 1350, 1351, 1, 1, 1, 0, '0', 0, 0, 0, '0000-00-00', '0000-00-00'),
(0, 1353, 0, 1350, '611.03', 'B.Penj Lembur Staff Marketing', 4, 'D', 'A', 'B', 7, 442, 1350, 1353, 1, 1, 1, 0, '0', 0, 0, 0, '0000-00-00', '0000-00-00'),
(0, 1354, 0, 1350, '611.04', 'B.Penj Komisi Sales Marketing', 4, 'D', 'A', 'B', 7, 442, 1350, 1354, 1, 1, 1, 0, '0', 0, 0, 0, '0000-00-00', '0000-00-00'),
(0, 1356, 0, 1350, '611.06', 'B. Penj Pengobatan Marketing', 4, 'D', 'A', 'B', 7, 442, 1350, 1356, 1, 1, 1, 0, '0', 0, 0, 0, '0000-00-00', '0000-00-00'),
(0, 1357, 0, 1350, '611.07', 'B. Penj Asuransi Jiwa Marketing', 4, 'D', 'A', 'B', 7, 442, 1350, 1357, 1, 1, 1, 0, '0', 0, 0, 0, '0000-00-00', '0000-00-00'),
(0, 1358, 0, 1350, '611.08', 'B. Penj THR/Bonus/Psgn Marketing', 4, 'D', 'A', 'B', 7, 442, 1350, 1358, 1, 1, 1, 0, '0', 0, 0, 0, '0000-00-00', '0000-00-00'),
(0, 1359, 0, 7, '620.00', 'Beban Akunting dan Administrasi', 2, 'D', 'I', 'B', 7, 1359, 0, 0, 1, 1, 1, 0, '0', 0, 0, 0, '0000-00-00', '0000-00-00'),
(0, 1361, 0, 499, '811.00', 'Pendapatan Bunga Afiliasi', 3, 'K', 'I', 'D', 8, 499, 1361, 0, 1, 1, 1, 0, '0', 0, 0, 0, '0000-00-00', '0000-00-00'),
(0, 1362, 0, 1361, '811.01', 'Pendapatan Bunga Afiliasi Pusat', 4, 'K', 'A', 'D', 120, 499, 1361, 1362, 0, 0, 1, 0, '0', 0, 0, 0, '0000-00-00', '0000-00-00'),
(0, 1363, 0, 499, '812.00', 'Pendapatan Non Operasional Lainnya', 3, 'K', 'I', 'D', 8, 499, 1363, 0, 1, 1, 1, 0, '0', 0, 0, 0, '0000-00-00', '0000-00-00'),
(0, 1364, 0, 1363, '812.01', 'PNO Lebih Giro Toko', 4, 'K', 'A', 'D', 8, 499, 1363, 1364, 1, 1, 1, 0, '0', 0, 0, 0, '0000-00-00', '0000-00-00'),
(0, 1365, 0, 503, '821.00', 'BNO Bunga Afiliasi', 3, 'K', 'I', 'B', 8, 503, 1365, 0, 1, 1, 1, 0, '0', 0, 0, 0, '0000-00-00', '0000-00-00'),
(0, 1366, 0, 1365, '821.01', 'Bunga Finalty Cab. PLG', 4, 'K', 'A', 'B', 8, 503, 1365, 1366, 0, 0, 0, 0, '0', 0, 0, 0, '0000-00-00', '0000-00-00'),
(0, 1367, 0, 503, '822.00', 'BNO Lainnya', 3, 'K', 'I', 'B', 8, 503, 1367, 0, 1, 1, 1, 0, '0', 0, 0, 0, '0000-00-00', '0000-00-00'),
(0, 1370, 0, 1367, '822.01', 'Biaya Bunga KMK', 4, 'K', 'A', 'B', 8, 503, 1367, 1370, 0, 0, 1, 0, '0', 0, 0, 0, '0000-00-00', '0000-00-00'),
(0, 1371, 0, 121, '910.00', 'Pajak', 2, 'D', 'I', 'B', 121, 1371, 0, 0, 1, 1, 1, 0, '0', 0, 0, 0, '0000-00-00', '0000-00-00'),
(0, 1372, 0, 1371, '911.00', 'Pajak', 3, 'D', 'I', 'B', 121, 1372, 1372, 0, 1, 1, 1, 0, '0', 0, 0, 0, '0000-00-00', '0000-00-00'),
(0, 1373, 0, 1372, '911.01', 'PPH 21 Badan', 4, 'D', 'A', 'B', 121, 1371, 1372, 1373, 1, 1, 1, 0, '0', 0, 0, 0, '0000-00-00', '0000-00-00'),
(0, 1374, 0, 1350, '611.09', 'B. Penj Perjalanan Dinas Marketing', 4, 'D', 'A', 'B', 7, 442, 1350, 1374, 1, 1, 1, 0, '0', 0, 0, 0, '0000-00-00', '0000-00-00'),
(0, 1375, 0, 1350, '611.10', 'B. Penj Telp & Fax Marketing', 4, 'D', 'A', 'B', 7, 442, 1350, 1375, 1, 1, 1, 0, '0', 0, 0, 0, '0000-00-00', '0000-00-00'),
(0, 1376, 0, 1350, '611.11', 'B. Penj Sewa Marketing', 4, 'D', 'A', 'B', 7, 442, 1350, 1376, 1, 1, 1, 0, '0', 0, 0, 0, '0000-00-00', '0000-00-00'),
(0, 1377, 0, 1350, '611.12', 'B. Penj Entertainment Marketing', 4, 'D', 'A', 'B', 7, 442, 1350, 1377, 1, 1, 1, 0, '0', 0, 0, 0, '0000-00-00', '0000-00-00'),
(0, 1379, 0, 1350, '611.14', 'B. Penj Perawatan Inv.Kantor Marketing', 4, 'D', 'A', 'B', 7, 442, 1350, 1379, 1, 1, 1, 0, '0', 0, 0, 0, '0000-00-00', '0000-00-00'),
(0, 1380, 0, 1350, '611.15', 'B. Penj Perawatan Kendaraan Marketing', 4, 'D', 'A', 'B', 7, 442, 1350, 1380, 1, 1, 1, 0, '0', 0, 0, 0, '0000-00-00', '0000-00-00'),
(0, 1381, 0, 1350, '611.16', 'B. Penj Pengiriman Barang Marketing', 4, 'D', 'A', 'B', 7, 442, 1350, 1381, 1, 1, 1, 0, '0', 0, 0, 0, '0000-00-00', '0000-00-00'),
(0, 1383, 0, 1350, '611.18', 'B. Penj Program Penjualan Marketing', 4, 'D', 'A', 'B', 7, 442, 1350, 1383, 1, 1, 1, 0, '0', 0, 0, 0, '0000-00-00', '0000-00-00'),
(0, 1384, 0, 1350, '611.19', 'B .Penj Izin dan Legalitas Marketing', 4, 'D', 'A', 'B', 7, 442, 1350, 1384, 1, 1, 1, 0, '0', 0, 0, 0, '0000-00-00', '0000-00-00'),
(0, 1385, 0, 1350, '611.20', 'B. Penj Eksport Marketing', 4, 'D', 'A', 'B', 7, 442, 1350, 1385, 1, 1, 1, 0, '0', 0, 0, 0, '0000-00-00', '0000-00-00'),
(0, 1389, 0, 1350, '611.24', 'B. Penj Research & Development Marketing', 4, 'D', 'A', 'B', 7, 442, 1350, 1389, 1, 1, 1, 0, '0', 0, 0, 0, '0000-00-00', '0000-00-00'),
(0, 1392, 0, 1350, '611.27', 'B. Penj Lembur Harian Marketing', 4, 'D', 'A', 'B', 7, 442, 1350, 1392, 1, 1, 1, 0, '0', 0, 0, 0, '0000-00-00', '0000-00-00'),
(0, 1394, 0, 1350, '611.29', 'B. Penj Sumbangan Marketing', 4, 'D', 'A', 'B', 7, 442, 1350, 1394, 1, 1, 1, 0, '0', 0, 0, 0, '0000-00-00', '0000-00-00'),
(0, 1395, 0, 1350, '611.30', 'B. Penj BBM,Parkir,Retribusi Marketing', 4, 'D', 'A', 'B', 7, 442, 1350, 1395, 1, 1, 1, 0, '0', 0, 0, 0, '0000-00-00', '0000-00-00'),
(0, 1396, 0, 1350, '611.31', 'B. Penj Lembur Harian Marketing', 4, 'D', 'A', 'B', 7, 442, 1350, 1396, 1, 1, 1, 0, '0', 0, 0, 0, '0000-00-00', '0000-00-00'),
(0, 1398, 0, 1350, '611.33', 'B. Penj ATK & Foto Copy Marketing', 4, 'D', 'A', 'B', 7, 442, 1350, 1398, 1, 1, 1, 0, '0', 0, 0, 0, '0000-00-00', '0000-00-00'),
(0, 1401, 0, 1350, '611.36', 'B. Penj Gaji Staff Ahli Marketing', 4, 'D', 'A', 'B', 7, 442, 1350, 1401, 1, 1, 1, 0, '0', 0, 0, 0, '0000-00-00', '0000-00-00'),
(0, 1402, 0, 1350, '611.37', 'B. Penj Perjalanan Dinas Direksi Marketing', 4, 'D', 'A', 'B', 7, 442, 1350, 1402, 1, 1, 1, 0, '0', 0, 0, 0, '0000-00-00', '0000-00-00'),
(0, 1406, 0, 1350, '611.41', 'B. Penj Subsidi Kerugian Pmran Cbg Marketing', 4, 'D', 'A', 'B', 7, 442, 1350, 1406, 1, 1, 1, 0, '0', 0, 0, 0, '0000-00-00', '0000-00-00'),
(0, 1407, 0, 1350, '611.42', 'B. Penj Pengembangan Karyawan Marketing', 4, 'D', 'A', 'B', 7, 442, 1350, 1407, 1, 1, 1, 0, '0', 0, 0, 0, '0000-00-00', '0000-00-00'),
(0, 1408, 0, 1350, '611.43', 'B. Penj Parcel Toko Marketing', 4, 'D', 'A', 'B', 7, 442, 1350, 1408, 1, 1, 1, 0, '0', 0, 0, 0, '0000-00-00', '0000-00-00'),
(0, 1448, 0, 1361, '811.02', 'Pendapatan Bunga Finalty Cab.PLG', 4, 'K', 'A', 'D', 8, 499, 1361, 1448, 0, 0, 0, 0, '0', 0, 0, 0, '0000-00-00', '0000-00-00'),
(0, 1449, 0, 1361, '811.03', 'Pendapatan Bunga Finalty Cab. Batam', 4, 'K', 'A', 'D', 8, 499, 1361, 1449, 0, 0, 0, 0, '0', 0, 0, 0, '0000-00-00', '0000-00-00'),
(0, 1450, 0, 1361, '811.04', 'Pendapatan Bunga Finalty Cab. AMJ', 4, 'K', 'A', 'D', 8, 499, 1361, 1450, 0, 0, 0, 0, '0', 0, 0, 0, '0000-00-00', '0000-00-00'),
(0, 1451, 0, 1361, '811.05', 'Pendapatan Bunga Finalty Cab.Lampung ', 4, 'K', 'A', 'D', 8, 499, 1361, 1451, 0, 0, 0, 0, '0', 0, 0, 0, '0000-00-00', '0000-00-00'),
(0, 1452, 0, 1361, '811.06', 'Pendapatan Bunga Finalty Cab. Jambi', 4, 'K', 'A', 'D', 8, 499, 1361, 1452, 0, 0, 0, 0, '0', 0, 0, 0, '0000-00-00', '0000-00-00'),
(0, 1453, 0, 1361, '811.07', 'Pendapatan Bunga Finalty Cab.Bukit Tinggi ', 4, 'K', 'A', 'D', 8, 499, 1361, 1453, 0, 0, 0, 0, '0', 0, 0, 0, '0000-00-00', '0000-00-00'),
(0, 1455, 0, 1363, '812.02', 'PNO Koreksi Harga Beli', 4, 'K', 'A', 'D', 8, 499, 1363, 1455, 1, 1, 1, 0, '0', 0, 0, 0, '0000-00-00', '0000-00-00'),
(0, 1456, 0, 1363, '812.03', 'PNO Jasa Service Barang', 4, 'K', 'A', 'D', 8, 499, 1363, 1456, 1, 1, 1, 0, '0', 0, 0, 0, '0000-00-00', '0000-00-00'),
(0, 1458, 0, 1363, '812.05', 'PNO Selisih Retur', 4, 'K', 'A', 'D', 8, 499, 1363, 1458, 1, 1, 1, 0, '0', 0, 0, 0, '0000-00-00', '0000-00-00'),
(0, 1459, 0, 1363, '812.06', 'Laba Selisih Kurs', 4, 'K', 'A', 'D', 8, 499, 1363, 1459, 0, 0, 1, 0, '0', 0, 0, 0, '0000-00-00', '0000-00-00'),
(0, 1460, 0, 1363, '812.07', 'Pendapatan Jasa Giro', 4, 'K', 'A', 'D', 8, 499, 1363, 1460, 1, 1, 1, 0, '0', 0, 0, 0, '0000-00-00', '0000-00-00'),
(0, 1461, 0, 1363, '812.08', 'Pendapatan Bunga Bank', 4, 'K', 'A', 'D', 8, 499, 1363, 1461, 1, 1, 1, 0, '0', 0, 0, 0, '0000-00-00', '0000-00-00'),
(0, 1462, 0, 1365, '821.02', 'Bunga Finalty Cab. Batam', 4, 'K', 'A', 'B', 8, 503, 1365, 1462, 0, 0, 0, 0, '0', 0, 0, 0, '0000-00-00', '0000-00-00'),
(0, 1463, 0, 1365, '821.03', 'Bunga Finalty Cab. AMJ', 4, 'K', 'A', 'B', 8, 503, 1365, 1463, 0, 0, 0, 0, '0', 0, 0, 0, '0000-00-00', '0000-00-00'),
(0, 1464, 0, 1365, '821.04', 'Bunga Finalty Cab. Lampung', 4, 'K', 'A', 'B', 8, 503, 1365, 1464, 0, 0, 0, 0, '0', 0, 0, 0, '0000-00-00', '0000-00-00'),
(0, 1465, 0, 1365, '821.05', 'Bunga Finalty Cab. Jambi', 4, 'K', 'A', 'B', 8, 503, 1365, 1465, 0, 0, 0, 0, '0', 0, 0, 0, '0000-00-00', '0000-00-00'),
(0, 1466, 0, 1365, '821.06', 'Bunga Finalty Cab. Bukit', 4, 'K', 'A', 'B', 8, 503, 1365, 1466, 0, 0, 1, 0, '0', 0, 0, 0, '0000-00-00', '0000-00-00'),
(0, 1467, 0, 1365, '821.07', 'Bunga Finalty Cab. Rantau', 4, 'K', 'A', 'B', 8, 503, 1365, 1467, 0, 0, 1, 0, '0', 0, 0, 0, '0000-00-00', '0000-00-00'),
(0, 1468, 0, 1367, '822.02', 'Beban Bunga KI', 4, 'K', 'A', 'B', 8, 503, 1367, 1468, 0, 0, 1, 0, '0', 0, 0, 0, '0000-00-00', '0000-00-00'),
(0, 1469, 0, 1367, '822.03', 'BNO Donasi', 4, 'K', 'A', 'B', 8, 503, 1367, 1469, 1, 1, 1, 0, '0', 0, 0, 0, '0000-00-00', '0000-00-00'),
(0, 1470, 0, 1367, '822.04', 'BNO Koreksi Lebih Harga Beli', 4, 'K', 'A', 'B', 8, 503, 1367, 1470, 1, 1, 1, 0, '0', 0, 0, 0, '0000-00-00', '0000-00-00'),
(0, 1471, 0, 1367, '822.05', 'BNO Selisih Retur', 4, 'K', 'A', 'B', 8, 503, 1367, 1471, 1, 1, 1, 0, '0', 0, 0, 0, '0000-00-00', '0000-00-00'),
(0, 1472, 0, 1367, '822.06', 'Rugi Selisih Kurs', 4, 'K', 'A', 'B', 8, 503, 1367, 1472, 0, 0, 1, 0, '0', 0, 0, 0, '0000-00-00', '0000-00-00'),
(0, 1473, 0, 1367, '822.07', 'PPH Bank', 4, 'K', 'A', 'B', 8, 503, 1367, 1473, 1, 1, 1, 0, '0', 0, 0, 0, '0000-00-00', '0000-00-00'),
(0, 1475, 0, 1372, '911.02', 'PPH 25 Badan ', 4, 'D', 'A', 'B', 121, 1371, 1372, 1475, 1, 1, 1, 0, '0', 0, 0, 0, '0000-00-00', '0000-00-00'),
(0, 1476, 0, 1372, '911.03', 'PPH 29 Badan ', 4, 'D', 'A', 'B', 121, 1371, 1372, 1476, 1, 1, 1, 0, '0', 0, 0, 0, '0000-00-00', '0000-00-00'),
(0, 1477, 0, 1372, '911.04', 'PPH 25 Pribadi', 4, 'D', 'A', 'B', 121, 1371, 1372, 1477, 1, 1, 1, 0, '0', 0, 0, 0, '0000-00-00', '0000-00-00'),
(0, 1478, 0, 1372, '911.05', 'Pajak Pertambahan Nilai', 4, 'D', 'A', 'B', 121, 1371, 1372, 1478, 1, 1, 1, 0, '0', 0, 0, 0, '0000-00-00', '0000-00-00'),
(0, 1479, 0, 1372, '911.06', 'PPN Membangun Gedung Hall E', 4, 'D', 'A', 'B', 121, 1371, 1372, 1479, 0, 0, 0, 0, '0', 0, 0, 0, '0000-00-00', '0000-00-00'),
(0, 1480, 0, 1372, '911.07', 'Pajak Reklame', 4, 'D', 'A', 'B', 121, 1371, 1372, 1480, 1, 1, 1, 0, '0', 0, 0, 0, '0000-00-00', '0000-00-00'),
(0, 1481, 0, 1372, '911.08', 'Pajak Air Bawah Tanah', 4, 'D', 'A', 'B', 121, 1371, 1372, 1481, 1, 1, 1, 0, '0', 0, 0, 0, '0000-00-00', '0000-00-00'),
(0, 1482, 0, 1372, '911.09', 'PBB Pabrik', 4, 'D', 'A', 'B', 121, 1371, 1372, 1482, 0, 0, 1, 0, '0', 0, 0, 0, '0000-00-00', '0000-00-00'),
(0, 1484, 0, 8, '131.00', 'Persediaan Biaya', 3, 'D', 'I', 'A', 1, 8, 1484, 0, 1, 1, 1, 0, '0', 0, 0, 0, '0000-00-00', '0000-00-00'),
(0, 1485, 0, 1484, '131.01', 'Persediaan Biaya Promosi', 4, 'D', 'A', 'A', 1, 8, 1484, 1485, 1, 1, 1, 0, '0', 0, 0, 0, '0000-00-00', '0000-00-00'),
(0, 1486, 0, 1484, '131.02', 'Persediaan Biaya Alat Tulis Kantor', 4, 'D', 'A', 'A', 1, 8, 1484, 1486, 1, 1, 1, 0, '0', 0, 0, 0, '0000-00-00', '0000-00-00'),
(0, 1487, 0, 26, '126.00', 'Aktiva Tak Berwujud', 3, 'D', 'I', 'A', 1, 26, 1487, 0, 1, 1, 1, 0, '0', 0, 0, 0, '0000-00-00', '0000-00-00'),
(0, 1488, 0, 1487, '126.01', 'Program Accounting', 4, 'D', 'A', 'A', 1, 26, 1487, 1488, 1, 1, 1, 0, '0', 0, 0, 0, '0000-00-00', '0000-00-00'),
(0, 1491, 0, 60, '311.00', 'Modal Disetor', 3, 'K', 'I', 'P', 3, 60, 1491, 0, 1, 1, 1, 0, '0', 0, 0, 0, '0000-00-00', '0000-00-00'),
(0, 1492, 0, 1491, '311.01', 'Modal Disetor Dari Pak A', 4, 'K', 'A', 'P', 3, 60, 1491, 1492, 1, 1, 1, 0, 'N', 0, 0, 0, '0000-00-00', '0000-00-00'),
(0, 1493, 0, 1491, '311.02', 'Modal Disetor Dari Ibuk B', 4, 'K', 'A', 'P', 3, 60, 1491, 1493, 1, 1, 1, 0, 'N', 0, 0, 0, '0000-00-00', '0000-00-00'),
(0, 1495, 0, 61, '321.00', 'Laba Ditahan', 3, 'K', 'I', 'P', 3, 61, 1495, 0, 1, 1, 1, 0, '0', 0, 0, 0, '0000-00-00', '0000-00-00'),
(0, 1496, 0, 1495, '321.01', 'Laba Ditahan', 4, 'K', 'A', 'P', 3, 61, 1495, 1496, 1, 1, 1, 0, '0', 0, 0, 0, '0000-00-00', '0000-00-00'),
(0, 1497, 0, 61, '322.00', 'Laba Tahun Lalu', 3, 'K', 'I', 'P', 3, 61, 1497, 0, 1, 1, 1, 0, '0', 0, 0, 0, '0000-00-00', '0000-00-00'),
(0, 1498, 0, 1497, '322.01', 'Laba Tahun Lalu', 4, 'K', 'A', 'P', 3, 61, 1497, 1498, 1, 1, 1, 0, '0', 0, 0, 0, '0000-00-00', '0000-00-00'),
(0, 1499, 0, 61, '323.00', 'Laba Tahun Berjalan', 3, 'K', 'I', 'P', 3, 61, 1499, 0, 1, 1, 1, 0, '0', 0, 0, 0, '0000-00-00', '0000-00-00'),
(0, 1500, 0, 1499, '323.01', 'Laba Tahun Berjalan', 4, 'K', 'A', 'P', 3, 61, 1499, 1500, 1, 1, 1, 0, '0', 0, 0, 0, '0000-00-00', '0000-00-00'),
(0, 1501, 0, 61, '324.00', 'Laba Bulan ini', 3, 'K', 'I', 'P', 3, 61, 1501, 0, 1, 1, 1, 0, '0', 0, 0, 0, '0000-00-00', '0000-00-00'),
(0, 1502, 0, 1501, '324.01', 'Laba Bulan Ini', 4, 'K', 'A', 'P', 3, 61, 1501, 1502, 1, 1, 1, 0, '0', 0, 0, 0, '0000-00-00', '0000-00-00'),
(0, 1505, 0, 5, '540.00', 'Harga Pokok Penjualan  Umum', 2, 'D', 'I', 'B', 5, 1505, 0, 0, 1, 1, 1, 0, '0', 0, 0, 0, '0000-00-00', '0000-00-00'),
(0, 1506, 0, 1505, '541.00', 'HPP Barang Umum', 3, 'D', 'I', 'B', 5, 1505, 1506, 0, 1, 1, 1, 0, '0', 0, 0, 0, '0000-00-00', '0000-00-00'),
(0, 1512, 0, 1506, '541.06', 'SPSI Barang Umum', 4, 'D', 'A', 'B', 5, 1505, 1506, 1512, 1, 1, 1, 0, '0', 0, 0, 0, '0000-00-00', '0000-00-00'),
(0, 1513, 0, 1506, '541.07', 'Ekspedisi Beli Barang Umum', 4, 'D', 'A', 'B', 5, 1505, 1506, 1513, 1, 1, 1, 0, '0', 0, 0, 0, '0000-00-00', '0000-00-00'),
(0, 1515, 19, 173, '117.01', 'Piutang Karyawan ', 4, 'D', 'A', 'A', 1, 8, 173, 1515, 1, 1, 1, 0, '0', 0, 0, 0, '0000-00-00', '0000-00-00'),
(0, 1517, 23, 557, '122.01', 'Piutang Pameran', 4, 'D', 'A', 'A', 1, 8, 557, 1517, 1, 1, 1, 0, '0', 0, 0, 0, '0000-00-00', '0000-00-00'),
(0, 1520, 24, 557, '122.03', 'Piutang Sales Tak Tertagih', 4, 'D', 'A', 'A', 1, 8, 557, 1520, 1, 1, 1, 0, '0', 0, 0, 0, '0000-00-00', '0000-00-00'),
(0, 1521, 25, 557, '122.04', 'Piutang Manajemen Fee', 4, 'D', 'A', 'A', 1, 8, 557, 1521, 1, 1, 1, 0, '0', 0, 0, 0, '0000-00-00', '0000-00-00'),
(0, 1523, 0, 126, '511.10', 'Harga Pokok Spare part', 4, 'D', 'A', 'B', 5, 76, 126, 1523, 1, 1, 1, 0, '0', 0, 0, 0, '0000-00-00', '0000-00-00'),
(0, 1531, 0, 1506, '541.09', 'Harga Pokok Barang Umum', 4, 'D', 'A', 'B', 5, 1505, 1506, 1531, 1, 1, 1, 0, '0', 0, 0, 0, '0000-00-00', '0000-00-00'),
(0, 1538, 0, 394, '521.09', 'Harga Pokok Penjualan Oli', 4, 'D', 'A', 'B', 5, 125, 394, 1538, 0, 1, 1, 0, '0', 0, 0, 0, '0000-00-00', '0000-00-00'),
(0, 1543, 0, 1222, '531.09', 'Harga Pokok Penjualan  Accesories', 4, 'D', 'A', 'B', 5, 554, 1222, 1543, 0, 1, 1, 0, '0', 0, 0, 0, '0000-00-00', '0000-00-00'),
(0, 1551, 0, 70, '420.06', 'Bonus Penjualan Spare Part', 3, 'K', 'A', 'B', 4, 70, 1551, 0, 1, 1, 1, 0, '0', 0, 0, 0, '0000-00-00', '0000-00-00'),
(0, 1552, 0, 72, '430.09', 'Bonus Penjualan Oli', 3, 'K', 'A', 'B', 4, 72, 1552, 0, 1, 1, 1, 0, '0', 0, 0, 0, '0000-00-00', '0000-00-00'),
(0, 1553, 0, 1095, '440.06', 'Bonus Penjualan Accesories', 3, 'K', 'A', 'B', 4, 1095, 1553, 0, 1, 1, 1, 0, '0', 0, 0, 0, '0000-00-00', '0000-00-00'),
(0, 1554, 0, 1101, '450.06', 'Bonus Penjualan Umum', 3, 'K', 'A', 'B', 4, 1101, 1554, 0, 1, 1, 1, 0, '0', 0, 0, 0, '0000-00-00', '0000-00-00'),
(0, 1560, 0, 629, '127.23', 'Persediaan Barang Umum', 4, 'D', 'A', 'A', 1, 8, 629, 1560, 1, 1, 1, 0, '0', 0, 0, 0, '0000-00-00', '0000-00-00'),
(0, 1564, 0, 46, '212.04', 'Hutang Pembelian AT', 4, 'K', 'A', 'P', 2, 40, 46, 1564, 1, 1, 1, 0, '0', 0, 0, 0, '0000-00-00', '0000-00-00'),
(0, 1594, 0, 1365, '821.08', 'Bunga Finalty Ke Pusat', 4, 'K', 'A', 'B', 8, 503, 1365, 1594, 1, 1, 1, 0, '0', 0, 0, 0, '0000-00-00', '0000-00-00'),
(0, 1596, 0, 1359, '621.00', 'Beban Akunting dan Administrasi', 3, 'D', 'I', 'B', 7, 1359, 1596, 0, 1, 1, 1, 0, '0', 0, 0, 0, '0000-00-00', '0000-00-00'),
(0, 1597, 0, 1596, '621.01', 'B. Adm Gaji Staff Adm & Umum', 4, 'D', 'A', 'B', 7, 1359, 1596, 1597, 1, 1, 1, 0, '0', 0, 0, 0, '0000-00-00', '0000-00-00'),
(0, 1598, 0, 1596, '621.02', 'B. Adm Upah Harian', 4, 'D', 'A', 'B', 7, 1359, 1596, 1598, 1, 1, 1, 0, '0', 0, 0, 0, '0000-00-00', '0000-00-00'),
(0, 1599, 0, 1596, '621.03', 'B. Adm Lembur Staff', 4, 'D', 'A', 'B', 7, 1359, 1596, 1599, 1, 1, 1, 0, '0', 0, 0, 0, '0000-00-00', '0000-00-00'),
(0, 1600, 0, 1596, '621.04', 'B. Adm Insentif', 4, 'D', 'A', 'B', 7, 1359, 1596, 1600, 1, 1, 1, 0, '0', 0, 0, 0, '0000-00-00', '0000-00-00'),
(0, 1601, 0, 1596, '621.05', 'B. Adm Tunj. Makan dan Transport', 4, 'D', 'A', 'B', 7, 1359, 1596, 1601, 1, 1, 1, 0, '0', 0, 0, 0, '0000-00-00', '0000-00-00'),
(0, 1602, 0, 1596, '621.06', 'B. Adm Pengobatan', 4, 'D', 'A', 'B', 7, 1359, 1596, 1602, 1, 1, 1, 0, '0', 0, 0, 0, '0000-00-00', '0000-00-00'),
(0, 1603, 0, 1596, '621.07', 'B. Adm Assuransi Jiwa', 4, 'D', 'A', 'B', 7, 1359, 1596, 1603, 1, 1, 1, 0, '0', 0, 0, 0, '0000-00-00', '0000-00-00'),
(0, 1604, 0, 1596, '621.08', 'B. Adm THR dan Pesangon', 4, 'D', 'A', 'B', 7, 1359, 1596, 1604, 1, 1, 1, 0, '0', 0, 0, 0, '0000-00-00', '0000-00-00'),
(0, 1605, 0, 1596, '621.09', 'B. Adm Perjalanan Dinas', 4, 'D', 'A', 'B', 7, 1359, 1596, 1605, 1, 1, 1, 0, '0', 0, 0, 0, '0000-00-00', '0000-00-00'),
(0, 1606, 0, 1596, '621.10', 'B. Adm Telp, Fax & Internet', 4, 'D', 'A', 'B', 7, 1359, 1596, 1606, 1, 1, 1, 0, '0', 0, 0, 0, '0000-00-00', '0000-00-00'),
(0, 1607, 0, 1596, '621.11', 'B. Adm Sewa ', 4, 'D', 'A', 'B', 7, 1359, 1596, 1607, 1, 1, 1, 0, '0', 0, 0, 0, '0000-00-00', '0000-00-00'),
(0, 1608, 0, 1596, '621.12', 'B. Adm Entertaiment', 4, 'D', 'A', 'B', 7, 1359, 1596, 1608, 1, 1, 1, 0, '0', 0, 0, 0, '0000-00-00', '0000-00-00'),
(0, 1609, 0, 1596, '621.13', 'B. Adm Perawatan Asset', 4, 'D', 'A', 'B', 7, 1359, 1596, 1609, 1, 1, 1, 0, '0', 0, 0, 0, '0000-00-00', '0000-00-00'),
(0, 1610, 0, 1596, '621.14', 'B. Adm Perizinan', 4, 'D', 'A', 'B', 7, 1359, 1596, 1610, 1, 1, 1, 0, '0', 0, 0, 0, '0000-00-00', '0000-00-00'),
(0, 1611, 0, 1596, '621.15', 'B. Adm Ass. Pabrik', 4, 'D', 'A', 'B', 7, 1359, 1596, 1611, 1, 1, 1, 0, '0', 0, 0, 0, '0000-00-00', '0000-00-00'),
(0, 1612, 0, 1596, '621.16', 'B. Adm Pengembangan Karyawan', 4, 'D', 'A', 'B', 7, 1359, 1596, 1612, 1, 1, 1, 0, '0', 0, 0, 0, '0000-00-00', '0000-00-00'),
(0, 1613, 0, 1596, '621.17', 'B. Adm Bank', 4, 'D', 'A', 'B', 7, 1359, 1596, 1613, 1, 1, 1, 0, '0', 0, 0, 0, '0000-00-00', '0000-00-00'),
(0, 1614, 0, 1596, '621.18', 'B. Adm Foto Copy + ATK', 4, 'D', 'A', 'B', 7, 1359, 1596, 1614, 1, 1, 1, 0, '0', 0, 0, 0, '0000-00-00', '0000-00-00'),
(0, 1615, 0, 1596, '621.19', 'B. Adm Konsumsi RT Kantor', 4, 'D', 'A', 'B', 7, 1359, 1596, 1615, 1, 1, 1, 0, '0', 0, 0, 0, '0000-00-00', '0000-00-00'),
(0, 1616, 0, 1596, '621.20', 'B. Adm Listrik Kantor', 4, 'D', 'A', 'B', 7, 1359, 1596, 1616, 1, 1, 1, 0, '0', 0, 0, 0, '0000-00-00', '0000-00-00'),
(0, 1617, 0, 1596, '621.21', 'B. Adm Sumbangan', 4, 'D', 'A', 'B', 7, 1359, 1596, 1617, 1, 1, 1, 0, '0', 0, 0, 0, '0000-00-00', '0000-00-00'),
(0, 1618, 0, 1596, '621.22', 'B. Adm Penyusutan', 4, 'D', 'A', 'B', 7, 1359, 1596, 1618, 1, 1, 1, 0, '0', 0, 0, 0, '0000-00-00', '0000-00-00'),
(0, 1619, 0, 1596, '621.23', 'B. Adm Lembur Harian', 4, 'D', 'A', 'B', 7, 1359, 1596, 1619, 1, 1, 1, 0, '0', 0, 0, 0, '0000-00-00', '0000-00-00'),
(0, 1620, 0, 1596, '621.24', 'B. Adm Pengembangan Sistem', 4, 'D', 'A', 'B', 7, 1359, 1596, 1620, 1, 1, 1, 0, '0', 0, 0, 0, '0000-00-00', '0000-00-00'),
(0, 1621, 0, 1596, '621.25', 'B. Adm Perlengkapan Kerja dan Cetakan', 4, 'D', 'A', 'B', 7, 1359, 1596, 1621, 1, 1, 1, 0, '0', 0, 0, 0, '0000-00-00', '0000-00-00'),
(0, 1627, 0, 4, '480.00', 'Penjualan Bersih  Accesories Jadul', 2, 'K', 'I', 'D', 4, 1627, 0, 0, 1, 1, 1, 0, '0', 0, 0, 0, '0000-00-00', '0000-00-00'),
(0, 1628, 0, 1627, '480.01', 'Penjualan  Accesories Jadul', 3, 'K', 'A', 'D', 4, 1627, 1628, 0, 1, 1, 1, 0, '0', 0, 0, 0, '0000-00-00', '0000-00-00'),
(0, 1629, 0, 1627, '480.02', 'Return Penjualan  Accesories Jadul', 3, 'K', 'A', 'B', 4, 1627, 1629, 0, 1, 1, 1, 0, '0', 0, 0, 0, '0000-00-00', '0000-00-00'),
(0, 1630, 0, 1627, '480.03', 'Diskon Penjualan  Accesories Jadul', 3, 'K', 'A', 'B', 4, 1627, 1630, 0, 1, 1, 1, 0, '0', 0, 0, 0, '0000-00-00', '0000-00-00'),
(0, 1631, 0, 1627, '480.04', 'Insentif dan Bonus  Accesories Jadul', 3, 'K', 'A', 'B', 4, 1627, 1631, 0, 1, 1, 1, 0, '0', 0, 0, 0, '0000-00-00', '0000-00-00'),
(0, 1658, 0, 5, '550.00', 'Harga Pokok Penjualan Accesories Jadul', 2, 'D', 'I', 'B', 5, 1658, 0, 0, 1, 1, 1, 0, '0', 0, 0, 0, '0000-00-00', '0000-00-00'),
(0, 1659, 0, 1658, '551.00', 'Harga Pokok Accesories Jadul', 3, 'D', 'I', 'B', 5, 1658, 1659, 0, 1, 1, 1, 0, '0', 0, 0, 0, '0000-00-00', '0000-00-00'),
(0, 1660, 0, 1659, '551.01', 'Harga Pokok Accesories Jadul', 4, 'D', 'A', 'B', 5, 1658, 1659, 1660, 1, 1, 1, 0, '0', 0, 0, 0, '0000-00-00', '0000-00-00'),
(0, 1704, 0, 1659, '551.02', 'SPSI Accesories Jadul', 4, 'D', 'A', 'B', 5, 1658, 1659, 1704, 1, 1, 1, 0, '0', 0, 0, 0, '0000-00-00', '0000-00-00'),
(0, 1705, 0, 1659, '551.03', 'Ekspedisi Accesories Jadul', 4, 'D', 'A', 'B', 5, 1658, 1659, 1705, 1, 1, 1, 0, '0', 0, 0, 0, '0000-00-00', '0000-00-00'),
(0, 1723, 0, 1596, '621.26', 'B. Adm Gaji Staff Ahli', 4, 'D', 'A', 'B', 7, 1359, 1596, 1723, 1, 1, 1, 0, '0', 0, 0, 0, '0000-00-00', '0000-00-00'),
(0, 1726, 0, 8, '132.00', 'Piutang Tagihan Sales ', 3, 'D', 'I', 'A', 1, 8, 1726, 0, 1, 1, 1, 0, '0', 0, 0, 0, '0000-00-00', '0000-00-00'),
(0, 1727, 0, 1726, '132.01', 'Piutang Tagihan Sales A', 4, 'D', 'A', 'A', 1, 8, 1726, 1727, 0, 0, 0, 0, 'N', 0, 0, 0, '0000-00-00', '0000-00-00'),
(0, 1728, 0, 1726, '132.02', 'Piutang Tagihan Sales B', 4, 'D', 'A', 'A', 1, 8, 1726, 1728, 0, 0, 0, 0, 'N', 0, 0, 0, '0000-00-00', '0000-00-00'),
(0, 1730, 0, 857, '216.11', 'Hutang Profit Sharing (Pengelola)', 4, 'K', 'A', 'P', 2, 40, 857, 1730, 1, 1, 1, 0, '0', 0, 0, 0, '0000-00-00', '0000-00-00'),
(0, 1731, 0, 871, '218.04', 'Hutang PPh 21', 4, 'K', 'A', 'P', 2, 40, 871, 1731, 1, 1, 1, 0, '0', 0, 0, 0, '0000-00-00', '0000-00-00'),
(0, 1735, 0, 857, '216.12', 'Cad. Biaya Audit', 4, 'K', 'A', 'P', 2, 40, 857, 1735, 1, 1, 1, 0, '0', 0, 0, 0, '0000-00-00', '0000-00-00'),
(0, 1736, 0, 40, '225.00', 'Hutang Afiliasi', 3, 'K', 'I', 'P', 2, 40, 1736, 0, 1, 1, 1, 0, '0', 0, 0, 0, '0000-00-00', '0000-00-00'),
(0, 1737, 0, 1736, '225.01', 'Hutang Afiliasi  ', 4, 'K', 'A', 'P', 2, 40, 1736, 1737, 1, 1, 1, 0, '0', 0, 0, 0, '0000-00-00', '0000-00-00'),
(0, 1743, 0, 631, '129.19', 'Insentif Dan Bonus Toko DBM', 4, 'D', 'A', 'A', 1, 8, 631, 1743, 1, 1, 1, 0, '0', 0, 0, 0, '0000-00-00', '0000-00-00'),
(0, 1745, 0, 1367, '822.09', 'BNO Management Fee', 4, 'K', 'A', 'B', 8, 503, 1367, 1745, 1, 1, 1, 0, '0', 0, 0, 0, '0000-00-00', '0000-00-00'),
(0, 1746, 0, 857, '216.13', 'Cad. Biaya Promosi & Iklan', 4, 'K', 'A', 'P', 2, 40, 857, 1746, 1, 1, 1, 0, '0', 0, 0, 0, '0000-00-00', '0000-00-00'),
(0, 1747, 0, 857, '216.14', 'Cad. Biaya Insentif Toko', 4, 'K', 'A', 'P', 2, 40, 857, 1747, 1, 1, 1, 0, '0', 0, 0, 0, '0000-00-00', '0000-00-00'),
(0, 1753, 0, 120, '830.00', 'Biaya Alokasi Penyusutan', 2, 'K', 'I', 'B', 120, 1753, 0, 0, 1, 1, 1, 0, '0', 0, 0, 0, '0000-00-00', '0000-00-00'),
(0, 1754, 0, 1753, '831.00', 'Biaya Alokasi Penyusutan', 3, 'K', 'I', 'B', 120, 1753, 1754, 0, 1, 1, 1, 0, '0', 0, 0, 0, '0000-00-00', '0000-00-00'),
(0, 1755, 0, 1754, '831.01', 'Biaya Alokasi Penyusutan', 4, 'K', 'A', 'B', 120, 1753, 1754, 1755, 1, 1, 1, 0, '0', 0, 0, 0, '0000-00-00', '0000-00-00'),
(0, 1756, 0, 847, '125.04', 'Inventaris Belum Dipakai', 4, 'D', 'A', 'A', 1, 26, 847, 1756, 1, 1, 1, 0, '0', 0, 0, 0, '0000-00-00', '0000-00-00'),
(0, 1757, 0, 847, '125.05', 'Perlengkapan Belum Dipakai', 4, 'D', 'A', 'A', 1, 26, 847, 1757, 1, 1, 1, 0, '0', 0, 0, 0, '0000-00-00', '0000-00-00'),
(0, 1758, 0, 847, '125.06', 'Spare Part Belum Dipakai', 4, 'D', 'A', 'A', 1, 26, 847, 1758, 1, 1, 1, 0, '0', 0, 0, 0, '0000-00-00', '0000-00-00'),
(0, 1760, 0, 37, '123.46', 'Penampung Aktiva', 4, 'D', 'A', 'A', 1, 26, 37, 1760, 1, 1, 1, 0, '0', 0, 0, 0, '0000-00-00', '0000-00-00'),
(0, 1761, 0, 631, '129.20', 'Pra Operasional DBM', 4, 'D', 'A', 'A', 1, 8, 631, 1761, 1, 1, 1, 0, '0', 0, 0, 0, '0000-00-00', '0000-00-00'),
(0, 1762, 0, 55, '223.00', 'Hutang Investasi', 3, 'K', 'I', 'P', 2, 55, 1762, 0, 1, 1, 1, 0, '0', 0, 0, 0, '0000-00-00', '0000-00-00'),
(0, 1763, 0, 1762, '223.01', 'Hutang Investasi ', 4, 'K', 'A', 'P', 2, 55, 1762, 1763, 1, 1, 1, 0, '0', 0, 0, 0, '0000-00-00', '0000-00-00'),
(0, 1800, 0, 1484, '131.03', 'Persediaan Biaya Bonus ', 4, 'D', 'A', 'A', 1, 8, 1484, 1800, 1, 1, 1, 0, '0', 0, 0, 0, '0000-00-00', '0000-00-00'),
(0, 1802, 0, 1484, '131.04', 'Persediaan Biaya Pengiriman', 4, 'D', 'A', 'A', 1, 8, 1484, 1802, 0, 0, 1, 0, '0', 0, 0, 0, '0000-00-00', '0000-00-00'),
(0, 1854, 0, 29, '122.63', 'HP Umum', 4, 'D', 'A', 'A', 1, 26, 29, 1854, 1, 1, 1, 0, '0', 0, 0, 0, '0000-00-00', '0000-00-00'),
(0, 1855, 0, 29, '122.64', 'Akum. Penyusutan Umum', 4, 'D', 'A', 'A', 1, 26, 29, 1855, 1, 1, 1, 0, '0', 0, 0, 0, '0000-00-00', '0000-00-00'),
(0, 1856, 0, 1363, '812.09', 'Pendapatan Non Operasional', 4, 'K', 'A', 'D', 8, 499, 1363, 1856, 1, 1, 1, 0, '0', 0, 0, 0, '0000-00-00', '0000-00-00'),
(0, 1858, 0, 1596, '621.27', 'B. Adm Lain-Lain', 4, 'D', 'A', 'B', 7, 1359, 1596, 1858, 1, 1, 1, 0, '0', 0, 0, 0, '0000-00-00', '0000-00-00'),
(0, 1867, 0, 847, '125.07', 'SPSI dan Ekspedisi Aktiva', 4, 'D', 'A', 'A', 1, 26, 847, 0, 0, 0, 1, 0, '0', 0, 0, 0, '0000-00-00', '0000-00-00'),
(0, 1868, 0, 120, '840.00', 'Biaya Manajemen Fee', 2, 'K', 'I', 'B', 120, 1868, 0, 0, 1, 1, 1, 0, '0', 0, 0, 0, '0000-00-00', '0000-00-00'),
(0, 1869, 0, 1868, '840.01', 'Biaya Manajemen Fee', 3, 'K', 'A', 'B', 120, 1868, 1869, 0, 1, 1, 1, 0, '0', 0, 0, 0, '0000-00-00', '0000-00-00'),
(0, 1871, 0, 857, '216.15', 'Cadangan Biaya Lain-Lain', 4, 'K', 'A', 'P', 2, 40, 857, 0, 1, 1, 1, 0, '0', 0, 0, 0, '0000-00-00', '0000-00-00'),
(0, 1875, 0, 629, '127.25', 'Penampung Koreksi Persediaan', 4, 'D', 'A', 'A', 1, 8, 629, 0, 1, 1, 1, 0, '0', 0, 0, 0, '0000-00-00', '0000-00-00'),
(0, 1887, 0, 1659, '551.04', 'Diskon Pembelian Accesories Jadul', 4, 'D', 'A', 'B', 5, 1658, 1659, 0, 1, 1, 1, 0, '0', 0, 0, 0, '0000-00-00', '0000-00-00'),
(0, 1888, 0, 898, '220.01', 'Uang Muka Penjualan', 4, 'K', 'A', 'P', 2, 40, 898, 0, 1, 1, 1, 0, '0', 0, 0, 0, '0000-00-00', '0000-00-00'),
(0, 1890, 6, 9, '111.13', 'Alokasi Gajixxx', 4, 'D', 'A', 'A', 1, 8, 9, 0, 1, 1, 1, 0, 'N', 0, 0, 0, '0000-00-00', '0000-00-00'),
(0, 1893, 0, 1506, '541.10', 'Diskon Pembelian Umum', 4, 'D', 'A', 'B', 5, 1505, 1506, 0, 1, 1, 1, 0, '0', 0, 0, 0, '0000-00-00', '0000-00-00'),
(0, 1903, 0, 126, '511.11', 'Diskon Pembelian Spare part', 4, 'D', 'A', 'B', 5, 76, 126, 0, 1, 1, 1, 0, '0', 0, 0, 0, '0000-00-00', '0000-00-00'),
(0, 1919, 0, 394, '521.10', 'Diskon Pembelian Oli', 4, 'D', 'A', 'B', 5, 125, 394, 0, 1, 1, 1, 0, '0', 0, 0, 0, '0000-00-00', '0000-00-00'),
(0, 1925, 0, 1222, '531.10', 'Diskon Pembelian Accesories', 4, 'D', 'A', 'B', 5, 554, 1222, 0, 1, 1, 1, 0, '0', 0, 0, 0, '0000-00-00', '0000-00-00'),
(0, 1942, 0, 126, '511.12', 'Retur Pembelian Spare part', 4, 'D', 'A', 'B', 5, 76, 126, 0, 0, 1, 1, 0, '0', 0, 0, 0, '0000-00-00', '0000-00-00'),
(0, 1958, 0, 394, '521.11', 'Retur Pembelian Oli', 4, 'D', 'A', 'B', 5, 125, 394, 0, 0, 1, 1, 0, '0', 0, 0, 0, '0000-00-00', '0000-00-00'),
(0, 1964, 0, 1222, '531.11', 'Retur Pembelian Accesories', 4, 'D', 'A', 'B', 5, 554, 1222, 0, 0, 1, 1, 0, '0', 0, 0, 0, '0000-00-00', '0000-00-00'),
(0, 1970, 0, 1506, '541.11', 'Retur Pembelian Barang Umum', 4, 'D', 'A', 'B', 5, 1505, 1506, 0, 0, 1, 1, 0, '0', 0, 0, 0, '0000-00-00', '0000-00-00'),
(0, 1971, 0, 1659, '551.05', 'Retur PembelianAccesories Jadul', 4, 'D', 'A', 'B', 5, 1658, 1659, 0, 0, 1, 1, 0, '0', 0, 0, 0, '0000-00-00', '0000-00-00'),
(0, 1981, 0, 1367, '822.10', 'Biaya Non Operasional', 4, 'K', 'A', 'B', 8, 503, 1367, 0, 1, 1, 1, 0, '0', 0, 0, 0, '0000-00-00', '0000-00-00'),
(0, 1982, 0, 629, '127.26', 'Persediaan Konsinyasi', 4, 'D', 'A', 'A', 1, 8, 629, 0, 1, 1, 1, 0, '0', 0, 0, 0, '0000-00-00', '0000-00-00'),
(0, 1983, 0, 5, '560.00', 'Harga Pokok Penjualan Ban', 2, 'D', 'I', 'B', 5, 1983, 0, 0, 1, 1, 1, 0, '0', 0, 0, 0, '0000-00-00', '0000-00-00'),
(0, 1984, 0, 1983, '561.00', 'Harga Pokok Penjualan Ban', 3, 'D', 'I', 'B', 5, 1983, 1984, 0, 0, 0, 0, 0, '0', 0, 0, 0, '0000-00-00', '0000-00-00'),
(0, 1985, 0, 1984, '561.01', 'Harga Pokok Penjualan Ban', 4, 'D', 'A', 'B', 5, 1983, 1984, 0, 0, 0, 0, 0, '0', 0, 0, 0, '0000-00-00', '0000-00-00'),
(0, 1986, 0, 1984, '561.02', 'Spsi  Ban', 4, 'D', 'A', 'B', 5, 1983, 1984, 0, 0, 0, 0, 0, '0', 0, 0, 0, '0000-00-00', '0000-00-00'),
(0, 1987, 0, 1984, '561.03', 'Ekspedisi Ban', 4, 'D', 'A', 'B', 5, 1983, 1984, 0, 0, 0, 0, 0, '0', 0, 0, 0, '0000-00-00', '0000-00-00'),
(0, 1988, 0, 1984, '561.04', 'Diskon Pembelian Ban', 4, 'D', 'A', 'B', 5, 1983, 1984, 0, 0, 0, 0, 0, '0', 0, 0, 0, '0000-00-00', '0000-00-00'),
(0, 1989, 0, 1984, '561.05', 'Return Pembelian Ban', 4, 'D', 'A', 'B', 5, 1983, 1984, 0, 0, 0, 0, 0, '0', 0, 0, 0, '0000-00-00', '0000-00-00'),
(0, 1990, 0, 4, '490.00', 'Pendapatan Penjualan Ban', 2, 'K', 'I', 'D', 4, 1990, 0, 0, 1, 1, 1, 0, '0', 0, 0, 0, '0000-00-00', '0000-00-00'),
(0, 1991, 0, 1990, '490.01', 'Penjualan Ban', 3, 'K', 'A', 'D', 4, 1990, 1991, 0, 0, 0, 0, 0, '0', 0, 0, 0, '0000-00-00', '0000-00-00');
INSERT INTO `akun` (`aka`, `id`, `urut`, `parentid`, `nokun`, `nakun`, `level`, `sn`, `ai`, `ap`, `L1`, `L2`, `L3`, `L4`, `p7`, `p8`, `p9`, `iddep`, `nr`, `foh`, `upl`, `pg`, `created_at`, `updated_at`) VALUES
(0, 1992, 0, 1990, '490.02', 'Return Penjualan Ban', 3, 'K', 'A', 'B', 4, 1990, 1992, 0, 0, 0, 0, 0, '0', 0, 0, 0, '0000-00-00', '0000-00-00'),
(0, 1993, 0, 1990, '490.03', 'Diskon Penjualan Ban', 3, 'K', 'A', 'B', 4, 1990, 1993, 0, 0, 0, 0, 0, '0', 0, 0, 0, '0000-00-00', '0000-00-00'),
(0, 1994, 0, 1990, '490.04', 'Insentif Penjualan Ban', 3, 'K', 'A', 'B', 4, 1990, 1994, 0, 0, 0, 0, 0, '0', 0, 0, 0, '0000-00-00', '0000-00-00'),
(0, 1995, 0, 629, '127.27', 'Persediaan Office dan Akunting', 4, 'D', 'A', 'A', 1, 8, 629, 0, 1, 1, 1, 0, '0', 0, 0, 0, '0000-00-00', '0000-00-00'),
(0, 2000, 0, 102, ' ', 'xxx', 1, 'D', 'A', '1', 0, 0, 0, 0, 0, 0, 0, 0, 'N', 0, 0, 0, '2017-10-07', '2017-10-07');

-- --------------------------------------------------------

--
-- Table structure for table `banner`
--

DROP TABLE IF EXISTS `banner`;
CREATE TABLE `banner` (
  `id` int(10) NOT NULL,
  `idk` int(2) DEFAULT NULL,
  `nama` varchar(100) DEFAULT NULL,
  `alamat` text,
  `contact` varchar(40) DEFAULT ' ',
  `email` varchar(30) DEFAULT ' ',
  `password` varchar(20) DEFAULT NULL,
  `fb` varchar(60) DEFAULT ' ',
  `twiter` varchar(60) DEFAULT NULL,
  `pinbb` varchar(60) DEFAULT NULL,
  `ketentuan` text,
  `telp` varchar(13) DEFAULT NULL,
  `dm` double(15,0) DEFAULT '0',
  `dv` double(15,0) DEFAULT '0'
) ENGINE=MyISAM DEFAULT CHARSET=latin1;

--
-- Truncate table before insert `banner`
--

TRUNCATE TABLE `banner`;
-- --------------------------------------------------------

--
-- Table structure for table `bannerd`
--

DROP TABLE IF EXISTS `bannerd`;
CREATE TABLE `bannerd` (
  `id` int(11) NOT NULL,
  `idmar` int(11) DEFAULT NULL,
  `prodname` varchar(40) DEFAULT NULL,
  `prodsize` varchar(40) DEFAULT NULL,
  `prodtext` varchar(40) DEFAULT NULL,
  `path` varchar(80) DEFAULT NULL
) ENGINE=InnoDB DEFAULT CHARSET=latin1;

--
-- Truncate table before insert `bannerd`
--

TRUNCATE TABLE `bannerd`;
-- --------------------------------------------------------

--
-- Table structure for table `belid`
--

DROP TABLE IF EXISTS `belid`;
CREATE TABLE `belid` (
  `id` int(11) NOT NULL,
  `nobel` varchar(20) NOT NULL DEFAULT '',
  `nojual` varchar(20) DEFAULT NULL,
  `idstok` int(11) DEFAULT NULL,
  `jml` int(11) DEFAULT NULL,
  `kode` char(1) DEFAULT NULL,
  `mk` char(1) DEFAULT NULL,
  `harga` double(15,2) DEFAULT NULL,
  `hrgrata` double NOT NULL DEFAULT '0'
) ENGINE=InnoDB DEFAULT CHARSET=latin1;

--
-- Truncate table before insert `belid`
--

TRUNCATE TABLE `belid`;
--
-- Dumping data for table `belid`
--

INSERT INTO `belid` (`id`, `nobel`, `nojual`, `idstok`, `jml`, `kode`, `mk`, `harga`, `hrgrata`) VALUES
(1, 'PB-0418-0001', NULL, 1, 2, 'B', 'M', 562215.19, 0),
(2, 'PB-0418-0001', NULL, 2, 2, 'B', 'M', 642531.65, 0),
(3, 'PB-0418-0001', NULL, 4, 2, 'B', 'M', 401582.28, 0),
(4, 'PB-0418-0001', NULL, 9, 2, 'B', 'M', 200791.14, 0),
(5, 'PB-0418-0001', NULL, 10, 2, 'B', 'M', 243626.59, 0),
(6, 'PB-0418-0001', NULL, 6, 2, 'B', 'M', 278430.38, 0),
(7, 'PB-0418-0001', NULL, 11, 40, 'B', 'M', 17134.18, 0),
(8, 'PB-0418-0001', NULL, 22, 40, 'B', 'M', 28110.76, 0),
(10, 'PB-0418-0001', NULL, 24, 1, 'B', 'M', 642531.65, 0),
(11, 'PB-0418-0001', NULL, 23, 6, 'B', 'M', 117797.47, 0),
(12, 'PB-0418-0001', NULL, 17, 1, 'B', 'M', 123151.90, 0),
(14, 'PB-0418-0001', NULL, 25, 2, 'B', 'M', 155278.49, 0),
(15, 'PB-0418-0001', NULL, 20, 3, 'B', 'M', 69607.60, 69607.6),
(16, 'PB-0418-0002', NULL, 8, 2, 'B', 'M', 202997.16, 0),
(17, 'PB-0418-0002', NULL, 1, 3, 'B', 'M', 565376.70, 525000),
(18, 'PB-0418-0002', NULL, 4, 2, 'B', 'M', 403840.50, 401582.28),
(19, 'PB-0418-0002', NULL, 5, 2, 'B', 'M', 363456.45, 0),
(20, 'PB-0418-0002', NULL, 22, 30, 'B', 'M', 27999.61, 28110.76),
(22, 'PB-0418-0002', NULL, 17, 2, 'B', 'M', 123844.42, 123151.9),
(23, 'PB-0418-0002', NULL, 26, 2, 'B', 'M', 59229.94, 0),
(24, 'PB-0418-0002', NULL, 15, 3, 'B', 'M', 215381.60, 215381.6);

-- --------------------------------------------------------

--
-- Table structure for table `belim`
--

DROP TABLE IF EXISTS `belim`;
CREATE TABLE `belim` (
  `id` int(11) NOT NULL,
  `urut` int(11) DEFAULT NULL,
  `nobel` varchar(20) NOT NULL DEFAULT '',
  `tglbel` date DEFAULT NULL,
  `idsup` int(11) DEFAULT NULL,
  `idter` int(11) DEFAULT '0',
  `ket` varchar(20) DEFAULT NULL,
  `total` double(15,0) DEFAULT NULL,
  `iddep` int(4) DEFAULT NULL,
  `sisa` double DEFAULT NULL
) ENGINE=InnoDB DEFAULT CHARSET=latin1;

--
-- Truncate table before insert `belim`
--

TRUNCATE TABLE `belim`;
--
-- Dumping data for table `belim`
--

INSERT INTO `belim` (`id`, `urut`, `nobel`, `tglbel`, `idsup`, `idter`, `ket`, `total`, `iddep`, `sisa`) VALUES
(15, 15, 'PB-0418-0001', '2018-02-13', 1, 0, 'Pembelian 1', 8251177, NULL, NULL),
(24, 24, 'PB-0418-0002', '2018-02-20', 1, 0, 'Pembelian ke 2', 4842855, NULL, NULL);

-- --------------------------------------------------------

--
-- Table structure for table `bual`
--

DROP TABLE IF EXISTS `bual`;
CREATE TABLE `bual` (
  `id` int(6) UNSIGNED NOT NULL COMMENT 'ID buku alamat',
  `kode` varchar(7) NOT NULL DEFAULT ' ' COMMENT 'kode pelanggan',
  `nama` varchar(50) NOT NULL DEFAULT ' ' COMMENT 'nama pelanggan',
  `alamat` text COMMENT 'alamat pelanggan',
  `idkota` int(5) NOT NULL DEFAULT '0' COMMENT 'id kota',
  `idprop` int(5) DEFAULT '0' COMMENT 'id proponsi',
  `kpos` varchar(5) DEFAULT ' ' COMMENT 'kode pos',
  `telp` varchar(50) DEFAULT ' ' COMMENT 'nomor telepon',
  `fax` varchar(50) DEFAULT ' ' COMMENT 'nomor fax',
  `idbagian` int(11) DEFAULT '0',
  `email` varchar(50) DEFAULT ' ' COMMENT 'alamat email',
  `web` varchar(50) DEFAULT ' ' COMMENT 'alamat web',
  `jenplg` varchar(10) DEFAULT ' ' COMMENT 'jenis pelanggan : 1.Perusahaan 2.Pribadi',
  `idtrmb` int(5) DEFAULT '0' COMMENT 'id termin pembelian',
  `idakunh` int(5) NOT NULL DEFAULT '0' COMMENT 'id akun hutang',
  `batash` decimal(18,2) DEFAULT '0.00' COMMENT 'id batas hutang',
  `idtrmj` int(5) NOT NULL DEFAULT '0' COMMENT 'id termin penjualan',
  `idakunp` int(5) NOT NULL DEFAULT '0' COMMENT 'id akun piutang',
  `idhrgj` int(1) NOT NULL DEFAULT '0' COMMENT 'id tingkat harga jual',
  `idpjkp` int(1) NOT NULL DEFAULT '0' COMMENT 'id pajak penjualan',
  `batasp` decimal(18,2) NOT NULL DEFAULT '0.00' COMMENT 'batas piutang',
  `idakunpk` int(5) NOT NULL DEFAULT '0' COMMENT 'id akun piutang karyawan',
  `bataspk` decimal(18,2) NOT NULL DEFAULT '0.00' COMMENT 'batas piutang karyawan',
  `idakunpl` int(5) NOT NULL DEFAULT '0' COMMENT 'id akun piutang lain-lain',
  `bataspl` decimal(18,2) NOT NULL DEFAULT '0.00' COMMENT 'batas piutang lain-lain',
  `idakunl` int(5) NOT NULL DEFAULT '0' COMMENT 'id akun hutang lain-lain',
  `batashl` decimal(18,2) NOT NULL DEFAULT '0.00' COMMENT 'batas hutang lain-lain',
  `tranhp` int(1) NOT NULL DEFAULT '0' COMMENT 'transaksi Hutang:0 atau Piutang:1?',
  `pinp` varchar(6) DEFAULT ' ' COMMENT 'pin pelanggan',
  `hpsms` varchar(15) DEFAULT ' ' COMMENT 'nomor HP SMS pelanggan',
  `jmls` tinyint(1) DEFAULT '0' COMMENT 'izinkan melihat jumlah stok?',
  `hrgs` tinyint(1) DEFAULT '0' COMMENT 'izinkan melihat harga stok?',
  `sisap` tinyint(1) DEFAULT '0' COMMENT 'izinkan melihat sisa piutang?',
  `psnpo` tinyint(1) DEFAULT '0' COMMENT 'izinkan memesan barang?',
  `pbypt` tinyint(1) DEFAULT '0' COMMENT 'konfirmasi pembayaran piutang?',
  `aktifP` tinyint(1) DEFAULT '1' COMMENT 'pelanggan masih aktif?',
  `d` tinyint(1) NOT NULL DEFAULT '0' COMMENT 'direksi',
  `t` tinyint(1) NOT NULL DEFAULT '0' COMMENT 'tenaga kerja',
  `p` tinyint(1) NOT NULL DEFAULT '0' COMMENT 'pelanggan',
  `m` tinyint(1) NOT NULL DEFAULT '0' COMMENT 'pemasok umum',
  `b` tinyint(1) NOT NULL DEFAULT '0' COMMENT 'pemasok bahan baku',
  `k` tinyint(1) NOT NULL DEFAULT '0' COMMENT 'karyawan',
  `r` tinyint(1) NOT NULL DEFAULT '0' COMMENT 'relasi',
  `o` tinyint(1) NOT NULL DEFAULT '0' COMMENT 'kontraktor',
  `e` tinyint(1) NOT NULL DEFAULT '0' COMMENT 'kreditor',
  `sales` tinyint(4) NOT NULL DEFAULT '0',
  `idwil` int(11) NOT NULL DEFAULT '0',
  `NA` char(20) DEFAULT 'N',
  `narek` varchar(150) DEFAULT ' ',
  `norek` varchar(100) DEFAULT ' ',
  `iddep` int(11) DEFAULT '0',
  `updated_at` date DEFAULT NULL,
  `created_at` date DEFAULT NULL,
  `pinbb` varchar(12) NOT NULL
) ENGINE=InnoDB DEFAULT CHARSET=latin1 COMMENT='InnoDB free: 10240 kB; InnoDB free: 9216 kB; InnoDB free: 9216 kB';

--
-- Truncate table before insert `bual`
--

TRUNCATE TABLE `bual`;
--
-- Dumping data for table `bual`
--

INSERT INTO `bual` (`id`, `kode`, `nama`, `alamat`, `idkota`, `idprop`, `kpos`, `telp`, `fax`, `idbagian`, `email`, `web`, `jenplg`, `idtrmb`, `idakunh`, `batash`, `idtrmj`, `idakunp`, `idhrgj`, `idpjkp`, `batasp`, `idakunpk`, `bataspk`, `idakunpl`, `bataspl`, `idakunl`, `batashl`, `tranhp`, `pinp`, `hpsms`, `jmls`, `hrgs`, `sisap`, `psnpo`, `pbypt`, `aktifP`, `d`, `t`, `p`, `m`, `b`, `k`, `r`, `o`, `e`, `sales`, `idwil`, `NA`, `narek`, `norek`, `iddep`, `updated_at`, `created_at`, `pinbb`) VALUES
(1, ' ', 'Syahril, St. Labiah', 'sdasd', 0, 0, ' ', 'sadsasad', ' ', 0, ' ', ' ', ' ', 0, 0, '0.00', 0, 0, 0, 0, '0.00', 0, '0.00', 0, '0.00', 0, '0.00', 0, ' ', ' ', 0, 0, 0, 0, 0, 1, 0, 0, 0, 0, 0, 0, 0, 0, 0, 0, 0, 'N', ' ', ' ', 0, '2017-08-23', '2017-08-23', 'sdaaa'),
(2, ' asda', ' Source Code Boleh', NULL, 0, 0, ' ', ' ', ' ', 0, ' ', ' ', ' ', 0, 0, '0.00', 0, 0, 0, 0, '0.00', 0, '0.00', 0, '0.00', 0, '0.00', 0, ' ', ' ', 0, 0, 0, 0, 0, 1, 0, 0, 0, 0, 0, 0, 0, 0, 0, 0, 0, 'N', ' ', ' ', 0, '0000-00-00', '0000-00-00', '');

-- --------------------------------------------------------

--
-- Table structure for table `bulan`
--

DROP TABLE IF EXISTS `bulan`;
CREATE TABLE `bulan` (
  `noBulan` int(11) NOT NULL DEFAULT '0' COMMENT 'nomor bulan',
  `naBulan` varchar(9) DEFAULT ' ' COMMENT 'nama bulan',
  `NA` varchar(1) DEFAULT 'N'
) ENGINE=InnoDB DEFAULT CHARSET=latin1 COMMENT='InnoDB free: 10240 kB; InnoDB free: 9216 kB';

--
-- Truncate table before insert `bulan`
--

TRUNCATE TABLE `bulan`;
--
-- Dumping data for table `bulan`
--

INSERT INTO `bulan` (`noBulan`, `naBulan`, `NA`) VALUES
(1, 'Januari', 'N'),
(2, 'Pebruari', 'N'),
(3, 'Maret', 'N'),
(4, 'April', 'N'),
(5, 'Mei', 'N'),
(6, 'Juni', 'N'),
(7, 'Juli', 'N'),
(8, 'Agustus', 'N'),
(9, 'September', 'N'),
(10, 'Oktober', 'N'),
(11, 'November', 'N'),
(12, 'Desember', 'N');

-- --------------------------------------------------------

--
-- Table structure for table `departemen`
--

DROP TABLE IF EXISTS `departemen`;
CREATE TABLE `departemen` (
  `id` int(11) NOT NULL COMMENT 'id departemen',
  `urpro` int(11) DEFAULT '0',
  `iddev` int(11) NOT NULL DEFAULT '0' COMMENT 'id devisi',
  `nadep` varchar(50) NOT NULL DEFAULT '' COMMENT 'nama departemen',
  `iddapat` int(11) NOT NULL,
  `idhpp` int(11) NOT NULL,
  `idbiaya` int(11) NOT NULL,
  `idsedia` int(11) NOT NULL,
  `kadep` varchar(40) NOT NULL DEFAULT '0' COMMENT 'id kepala departemen dari bual',
  `akper` int(4) DEFAULT '0' COMMENT 'Akun Persediaan',
  `akper1` int(6) NOT NULL DEFAULT '0' COMMENT 'id akun persediaan bahan baku',
  `akper2` int(6) NOT NULL DEFAULT '0' COMMENT 'id akun persediaan wip',
  `akper3` int(6) NOT NULL DEFAULT '0' COMMENT 'id akun persediaan barang jadi',
  `akper4` int(6) NOT NULL DEFAULT '0' COMMENT 'id akun persediaan hachiko',
  `akper5` int(6) NOT NULL DEFAULT '0' COMMENT 'id akun persediaan toppan',
  `akper6` int(6) NOT NULL DEFAULT '0' COMMENT 'id akun persediaan b-trend',
  `akper7` int(6) NOT NULL DEFAULT '0' COMMENT 'id akun persediaan umum',
  `jual` int(4) DEFAULT '0' COMMENT 'Akun Pendapatan Penjualan',
  `jual1` int(6) NOT NULL DEFAULT '0' COMMENT 'id akun penjualan kotor',
  `jual2` int(6) NOT NULL DEFAULT '0' COMMENT 'id akun diskon penjualan',
  `jual3` int(6) NOT NULL DEFAULT '0' COMMENT 'id akun return penjualan',
  `jual4` int(6) NOT NULL DEFAULT '0' COMMENT 'id akun intensif penjualan',
  `jual5` int(6) NOT NULL DEFAULT '0' COMMENT 'id akun bonus penjualan',
  `jual6` int(6) NOT NULL DEFAULT '0' COMMENT 'id akun biaya kirim penjualan',
  `hpjsaldo1` int(6) NOT NULL DEFAULT '0' COMMENT 'id akun saldo awal bahan baku',
  `hpjsaldo2` int(6) NOT NULL DEFAULT '0' COMMENT 'id akun saldo akhir bahan baku',
  `hpjbeli1` int(6) NOT NULL DEFAULT '0' COMMENT 'id akun pembelian bahan baku',
  `hpjbeli2` int(6) NOT NULL DEFAULT '0' COMMENT 'id akun koreksi pembelian bahan baku',
  `hpjbeli3` int(6) NOT NULL DEFAULT '0' COMMENT 'id akun return pembelian bahan baku',
  `hpjbeli4` int(6) NOT NULL DEFAULT '0' COMMENT 'id akun diskon pembelian bahan baku',
  `hpjjual1` int(6) NOT NULL DEFAULT '0' COMMENT 'id akun penjualan bahan baku',
  `hpjjual2` int(6) NOT NULL DEFAULT '0' COMMENT 'id akun return jual bahan baku',
  `hpjtrans1` int(6) NOT NULL DEFAULT '0' COMMENT 'id akun transfer in bahan baku',
  `hpjtrans2` int(6) NOT NULL DEFAULT '0' COMMENT 'id akun transfer out bahan baku',
  `hpjlain1` int(6) NOT NULL DEFAULT '0' COMMENT 'id akun SPSI',
  `hpjlain2` int(6) NOT NULL DEFAULT '0' COMMENT 'id akun expedisi',
  `hpjlain3` int(6) NOT NULL DEFAULT '0' COMMENT 'id akun langsung',
  `hpjlain4` int(6) NOT NULL DEFAULT '0' COMMENT 'id akun FOH',
  `akunnrat` int(4) DEFAULT '0' COMMENT 'Akun nr at',
  `akunakumat` int(4) DEFAULT '0' COMMENT 'Akumulasi AT',
  `akunbiayaat` int(4) DEFAULT '0' COMMENT 'Akun Biaya AT',
  `bebas` tinyint(4) DEFAULT '0',
  `NA` char(1) DEFAULT 'N',
  `uj` tinyint(1) DEFAULT '0',
  `created_at` date NOT NULL,
  `updated_at` date NOT NULL
) ENGINE=InnoDB DEFAULT CHARSET=latin1 MAX_ROWS=30;

--
-- Truncate table before insert `departemen`
--

TRUNCATE TABLE `departemen`;
--
-- Dumping data for table `departemen`
--

INSERT INTO `departemen` (`id`, `urpro`, `iddev`, `nadep`, `iddapat`, `idhpp`, `idbiaya`, `idsedia`, `kadep`, `akper`, `akper1`, `akper2`, `akper3`, `akper4`, `akper5`, `akper6`, `akper7`, `jual`, `jual1`, `jual2`, `jual3`, `jual4`, `jual5`, `jual6`, `hpjsaldo1`, `hpjsaldo2`, `hpjbeli1`, `hpjbeli2`, `hpjbeli3`, `hpjbeli4`, `hpjjual1`, `hpjjual2`, `hpjtrans1`, `hpjtrans2`, `hpjlain1`, `hpjlain2`, `hpjlain3`, `hpjlain4`, `akunnrat`, `akunakumat`, `akunbiayaat`, `bebas`, `NA`, `uj`, `created_at`, `updated_at`) VALUES
(3, 0, 0, 'Toko Satu', 0, 0, 0, 0, 'Ka. Satu', 0, 0, 0, 0, 0, 0, 0, 0, 0, 0, 0, 0, 0, 0, 0, 0, 0, 0, 0, 0, 0, 0, 0, 0, 0, 0, 0, 0, 0, 0, 0, 0, 0, 'N', 0, '2017-12-30', '2017-12-30'),
(4, 0, 0, 'Toko Dua', 0, 0, 0, 0, 'Ka. Dua', 0, 0, 0, 0, 0, 0, 0, 0, 0, 0, 0, 0, 0, 0, 0, 0, 0, 0, 0, 0, 0, 0, 0, 0, 0, 0, 0, 0, 0, 0, 0, 0, 0, 'N', 0, '2017-12-30', '2017-12-30'),
(5, 0, 0, 'Toko Tiga', 0, 0, 0, 0, 'Ka. Tiga', 0, 0, 0, 0, 0, 0, 0, 0, 0, 0, 0, 0, 0, 0, 0, 0, 0, 0, 0, 0, 0, 0, 0, 0, 0, 0, 0, 0, 0, 0, 0, 0, 0, 'N', 0, '2017-12-30', '2017-12-30');

-- --------------------------------------------------------

--
-- Table structure for table `devisi`
--

DROP TABLE IF EXISTS `devisi`;
CREATE TABLE `devisi` (
  `id` int(11) NOT NULL,
  `nadev` varchar(50) DEFAULT ' ',
  `kadev` int(6) NOT NULL DEFAULT '0' COMMENT 'id kepala devisi ke bual',
  `created_at` date NOT NULL,
  `updated_at` date NOT NULL
) ENGINE=InnoDB DEFAULT CHARSET=latin1;

--
-- Truncate table before insert `devisi`
--

TRUNCATE TABLE `devisi`;
--
-- Dumping data for table `devisi`
--

INSERT INTO `devisi` (`id`, `nadev`, `kadev`, `created_at`, `updated_at`) VALUES
(26, 'Devisi Perdagangan', 0, '2017-12-09', '2017-12-09'),
(27, 'tes', 0, '2017-12-30', '2017-12-30');

-- --------------------------------------------------------

--
-- Table structure for table `hupi`
--

DROP TABLE IF EXISTS `hupi`;
CREATE TABLE `hupi` (
  `id` int(11) NOT NULL,
  `nobukti` varchar(12) NOT NULL,
  `tgl` date DEFAULT NULL,
  `tambah` double DEFAULT NULL,
  `kurang` double DEFAULT NULL,
  `kode` char(1) DEFAULT NULL,
  `ket` varchar(80) DEFAULT NULL
) ENGINE=InnoDB DEFAULT CHARSET=latin1;

--
-- Truncate table before insert `hupi`
--

TRUNCATE TABLE `hupi`;
--
-- Dumping data for table `hupi`
--

INSERT INTO `hupi` (`id`, `nobukti`, `tgl`, `tambah`, `kurang`, `kode`, `ket`) VALUES
(1, 'PJ-0118-0009', '2018-01-04', 327778, 0, 'B', 'Penjualan');

-- --------------------------------------------------------

--
-- Table structure for table `jenis`
--

DROP TABLE IF EXISTS `jenis`;
CREATE TABLE `jenis` (
  `id` int(11) NOT NULL,
  `nama` varchar(255) DEFAULT NULL,
  `ordering` tinyint(4) DEFAULT NULL,
  `updated_at` datetime DEFAULT NULL,
  `created_at` datetime DEFAULT NULL
) ENGINE=InnoDB DEFAULT CHARSET=latin1;

--
-- Truncate table before insert `jenis`
--

TRUNCATE TABLE `jenis`;
--
-- Dumping data for table `jenis`
--

INSERT INTO `jenis` (`id`, `nama`, `ordering`, `updated_at`, `created_at`) VALUES
(3, 'Barang', 3, '2017-06-07 08:03:54', NULL),
(18, 'Jasa', NULL, '2017-03-11 15:54:33', '2017-03-11 15:54:33'),
(19, 'ssssdsds', NULL, '2017-08-14 16:46:18', '2017-08-14 16:46:18');

-- --------------------------------------------------------

--
-- Table structure for table `jualm`
--

DROP TABLE IF EXISTS `jualm`;
CREATE TABLE `jualm` (
  `id` int(11) NOT NULL,
  `urut` int(11) DEFAULT '0',
  `nojual` varchar(20) NOT NULL DEFAULT '',
  `tgljual` date DEFAULT NULL,
  `idpel` int(11) DEFAULT NULL,
  `iddep` int(3) DEFAULT '0',
  `idmek` int(11) DEFAULT '0',
  `ket` varchar(150) DEFAULT NULL,
  `total` double(15,0) DEFAULT NULL,
  `um` double NOT NULL DEFAULT '0',
  `sisa` double DEFAULT NULL
) ENGINE=InnoDB DEFAULT CHARSET=latin1;

--
-- Truncate table before insert `jualm`
--

TRUNCATE TABLE `jualm`;
-- --------------------------------------------------------

--
-- Table structure for table `kaskeluard`
--

DROP TABLE IF EXISTS `kaskeluard`;
CREATE TABLE `kaskeluard` (
  `id` int(11) NOT NULL,
  `urut` int(11) NOT NULL DEFAULT '0',
  `nobukti` varchar(20) NOT NULL,
  `ket` varchar(150) NOT NULL,
  `jml` double NOT NULL,
  `harga` double NOT NULL,
  `mk` char(1) NOT NULL
) ENGINE=InnoDB DEFAULT CHARSET=latin1;

--
-- Truncate table before insert `kaskeluard`
--

TRUNCATE TABLE `kaskeluard`;
--
-- Dumping data for table `kaskeluard`
--

INSERT INTO `kaskeluard` (`id`, `urut`, `nobukti`, `ket`, `jml`, `harga`, `mk`) VALUES
(1, 0, 'KM-0418-0001', 'Setoran Modal', 1, 111762000, 'M');

-- --------------------------------------------------------

--
-- Table structure for table `kaskeluarm`
--

DROP TABLE IF EXISTS `kaskeluarm`;
CREATE TABLE `kaskeluarm` (
  `id` int(11) NOT NULL,
  `urut` int(11) NOT NULL DEFAULT '0',
  `nobukti` varchar(20) NOT NULL,
  `tglkas` date NOT NULL,
  `ket` varchar(100) NOT NULL,
  `idkar` int(11) NOT NULL,
  `dk` char(1) NOT NULL DEFAULT '',
  `total` double NOT NULL,
  `iddep` int(3) DEFAULT NULL
) ENGINE=InnoDB DEFAULT CHARSET=latin1;

--
-- Truncate table before insert `kaskeluarm`
--

TRUNCATE TABLE `kaskeluarm`;
--
-- Dumping data for table `kaskeluarm`
--

INSERT INTO `kaskeluarm` (`id`, `urut`, `nobukti`, `tglkas`, `ket`, `idkar`, `dk`, `total`, `iddep`) VALUES
(1, 1, 'KM-0418-0001', '2018-02-13', 'Setoran Modal Mak Etek', 2, 'M', 111762000, 3);

-- --------------------------------------------------------

--
-- Table structure for table `kate`
--

DROP TABLE IF EXISTS `kate`;
CREATE TABLE `kate` (
  `id` int(11) NOT NULL,
  `nama` varchar(255) DEFAULT NULL,
  `ordering` tinyint(4) DEFAULT NULL,
  `icon` varchar(20) NOT NULL,
  `link` varchar(25) NOT NULL,
  `updated_at` datetime DEFAULT NULL,
  `created_at` datetime DEFAULT NULL,
  `gambar` varchar(40) DEFAULT NULL
) ENGINE=InnoDB DEFAULT CHARSET=latin1;

--
-- Truncate table before insert `kate`
--

TRUNCATE TABLE `kate`;
--
-- Dumping data for table `kate`
--

INSERT INTO `kate` (`id`, `nama`, `ordering`, `icon`, `link`, `updated_at`, `created_at`, `gambar`) VALUES
(1, 'Busur', 1, 'fa fa-car', 'katemobil', '2018-04-12 06:33:13', NULL, 'tempel/images/c12.jpg'),
(2, 'Arrow', 2, 'fa fa-laptop', 'kategadget', '2018-04-12 06:33:22', NULL, 'tempel/images/cat2.jpg'),
(3, 'Tas', 3, 'fa fa-wheelchair', 'katert', '2018-04-12 06:33:29', NULL, 'tempel/images/r1.jpg'),
(4, 'RIser', 4, 'fa fa-industry', 'katekantor', '2018-04-12 06:33:40', NULL, 'tempel/images/cat12.jpg'),
(5, 'Limbs', 5, 'fa fa-motorcycle', 'katermotor', '2018-04-12 06:33:49', NULL, 'tempel/images/bk12.jpg'),
(6, 'Point', 6, 'fa fa-home', 'kateproperti', '2018-04-12 06:37:57', NULL, 'tempel/images/r12.jpg'),
(7, 'Nock', 7, 'fa fa-asterisk', 'katepribadi', '2018-04-12 06:41:27', NULL, 'tempel/images/b7.jpg'),
(8, 'Arm Guard', 8, 'fa fa-shield', 'katehobi', '2018-04-12 06:41:46', NULL, 'tempel/images/b9.jpg'),
(9, 'Thumbring', 9, 'fa fa-home', 'katesoftware', '2018-04-12 06:41:59', NULL, 'tempel/images/software.jpg'),
(10, 'String', 10, 'fa fa-gamepad', 'kattebayi', '2018-04-12 06:42:13', NULL, 'tempel/images/k1.jpg'),
(11, 'Stabilizer', 11, 'fa fa-paw', 'kateuniv', '2018-04-12 08:02:53', NULL, 'tempel/images/toga.jpg'),
(12, 'Bantalan Target', 12, 'fa fa-at', 'katejasa', '2018-04-12 08:03:28', NULL, 'tempel/images/b1.jpg'),
(13, 'Makan dan Minuman', 13, 'fa fa-shield', 'katemakan', NULL, NULL, 'tempel/images/g1.jpg'),
(14, 'headset', NULL, '', '', '2017-12-01 08:19:32', '2017-12-01 08:19:32', NULL),
(15, 'aaaaaxxx', NULL, '', '', '2017-12-30 08:15:23', '2017-12-30 08:15:13', NULL);

-- --------------------------------------------------------

--
-- Table structure for table `layoutmenu`
--

DROP TABLE IF EXISTS `layoutmenu`;
CREATE TABLE `layoutmenu` (
  `id` int(11) NOT NULL,
  `layout` int(1) NOT NULL
) ENGINE=InnoDB DEFAULT CHARSET=latin1;

--
-- Truncate table before insert `layoutmenu`
--

TRUNCATE TABLE `layoutmenu`;
--
-- Dumping data for table `layoutmenu`
--

INSERT INTO `layoutmenu` (`id`, `layout`) VALUES
(1, 1);

-- --------------------------------------------------------

--
-- Table structure for table `mek`
--

DROP TABLE IF EXISTS `mek`;
CREATE TABLE `mek` (
  `id` int(11) NOT NULL,
  `nama` varchar(40) DEFAULT NULL,
  `alamat` varchar(40) DEFAULT NULL,
  `email` varchar(40) DEFAULT NULL,
  `nobm` varchar(30) DEFAULT NULL,
  `telp` varchar(40) DEFAULT NULL,
  `pinbb` varchar(20) DEFAULT NULL,
  `mekanik` int(1) NOT NULL,
  `updated_at` datetime DEFAULT NULL,
  `created_at` datetime DEFAULT NULL
) ENGINE=InnoDB DEFAULT CHARSET=latin1;

--
-- Truncate table before insert `mek`
--

TRUNCATE TABLE `mek`;
--
-- Dumping data for table `mek`
--

INSERT INTO `mek` (`id`, `nama`, `alamat`, `email`, `nobm`, `telp`, `pinbb`, `mekanik`, `updated_at`, `created_at`) VALUES
(1, 'Tekhnesi 1', 'Jakarta Timur', NULL, NULL, '082343545445', '223434', 1, '2017-07-18 03:26:05', NULL),
(2, 'Tekhnesi 2', '', NULL, NULL, '0856343435454', '', 1, '2017-07-18 03:25:45', NULL),
(3, 'Tekhnesi 3', '', NULL, NULL, '082134554545', '', 1, '2017-07-18 03:25:54', NULL),
(7, 'Andi Saputra', 'Jakarta Pusat', NULL, NULL, '081346565655', '123445', 0, '2017-07-18 03:25:12', '2017-07-18 03:25:12');

-- --------------------------------------------------------

--
-- Table structure for table `menu`
--

DROP TABLE IF EXISTS `menu`;
CREATE TABLE `menu` (
  `id` int(11) NOT NULL,
  `urut` int(3) NOT NULL,
  `id_induk` int(11) NOT NULL,
  `nama` varchar(100) COLLATE utf8_unicode_ci NOT NULL,
  `icon` varchar(50) COLLATE utf8_unicode_ci DEFAULT NULL,
  `url` varchar(25) COLLATE utf8_unicode_ci NOT NULL DEFAULT '#',
  `ai` varchar(10) COLLATE utf8_unicode_ci DEFAULT NULL,
  `created_at` date DEFAULT NULL,
  `updated_at` date DEFAULT NULL,
  `level` int(3) NOT NULL,
  `tambah` int(11) NOT NULL
) ENGINE=InnoDB DEFAULT CHARSET=utf8 COLLATE=utf8_unicode_ci;

--
-- Truncate table before insert `menu`
--

TRUNCATE TABLE `menu`;
--
-- Dumping data for table `menu`
--

INSERT INTO `menu` (`id`, `urut`, `id_induk`, `nama`, `icon`, `url`, `ai`, `created_at`, `updated_at`, `level`, `tambah`) VALUES
(58, 4, 0, 'Master Data', 'glyphicon glyphicon-book', '#', NULL, '2017-09-01', '2017-09-01', 1, 0),
(62, 0, 131, 'Pelanggan', 'glyphicon glyphicon-play', 'pel', NULL, '2017-09-01', '2017-09-01', 0, 0),
(64, 0, 131, 'Karyawan', 'glyphicon glyphicon-play', 'user', NULL, '2017-09-01', '2017-09-01', 0, 0),
(65, 1, 58, 'Kategori XXX', 'glyphicon glyphicon-play', 'kate', NULL, '2017-09-01', '2017-09-01', 0, 0),
(70, 0, 102, 'Menu', 'glyphicon glyphicon-play', 'menu', NULL, NULL, NULL, 0, 0),
(89, 1, 102, 'Setting Perusahaan', 'glyphicon glyphicon-play', 'seting', NULL, '2017-09-07', '2017-09-07', 1, 0),
(93, 7, 102, 'Rule', 'glyphicon glyphicon-play', 'rule', NULL, '2017-09-19', '2017-09-19', 0, 0),
(102, 1, 0, 'Setting', 'fa fa-book', '#', NULL, '2017-09-23', '2017-09-23', 1, 0),
(103, 4, 102, 'Role', 'glyphicon glyphicon-play', 'role', NULL, '2017-09-23', '2017-09-23', 0, 0),
(117, 3, 133, 'Penjualan', 'glyphicon glyphicon-play', 'jual', NULL, '2017-11-16', '2017-11-16', 0, 0),
(118, 1, 132, 'Pembelian', 'glyphicon glyphicon-play', 'beli', NULL, '2017-11-16', '2017-11-16', 0, 0),
(123, 7, 0, 'Laporan', 'fa fa-signal', '#', 'induk', NULL, NULL, 1, 0),
(124, 1, 123, 'Laporan Rincian Penjualan', 'glyphicon glyphicon-play', 'rinjual', NULL, '2017-11-17', '2017-11-17', 0, 0),
(126, 3, 58, 'Persediaan', 'glyphicon glyphicon-play', 'stok', NULL, '2017-11-17', '2017-11-17', 0, 0),
(127, 2, 123, 'Laporan Rekap Penjualan', 'glyphicon glyphicon-play', 'rekjul', NULL, '2017-12-01', '2017-12-01', 0, 0),
(128, 2, 58, 'Jenis', 'glyphicon glyphicon-play', 'jenis', NULL, '2017-12-01', '2017-12-01', 0, 0),
(129, 5, 58, 'Persediaan + Foto', 'glyphicon glyphicon-play', 'stokfo', NULL, '2017-12-01', '2017-12-01', 0, 0),
(131, 3, 0, 'Kartu Nama', 'fa fa-folder', '#', 'induk', NULL, NULL, 1, 0),
(132, 5, 0, 'Pembelian', 'fa fa-edit', '#', 'induk', NULL, NULL, 1, 0),
(133, 6, 0, 'Penjualan', 'fa fa-edit', '#', 'induk', NULL, NULL, 1, 0),
(134, 1, 132, 'Order Pembelian', 'glyphicon glyphicon-play', 'orderbel', NULL, '2017-12-09', '2017-12-09', 0, 0),
(135, 2, 132, 'Pembuatan invoice', 'glyphicon glyphicon-play', 'invbeli', NULL, '2017-12-09', '2017-12-09', 0, 0),
(136, 1, 133, 'order Penjualan', 'glyphicon glyphicon-play', 'orderjual', NULL, '2017-12-09', '2017-12-09', 0, 0),
(137, 2, 133, 'Surat Jalan', 'glyphicon glyphicon-play', 'suratjalan', NULL, '2017-12-09', '2017-12-09', 0, 0),
(138, 2, 132, 'Penerimaan Barang', 'glyphicon glyphicon-play', 'terimabarang', NULL, '2017-12-09', '2017-12-09', 0, 0),
(140, 2, 58, 'Departemen', 'glyphicon glyphicon-play', 'dep', NULL, '2017-12-09', '2017-12-09', 0, 0),
(141, 8, 102, 'Hak Akses Departemen', 'glyphicon glyphicon-play', 'ruledep', NULL, '2017-12-30', '2017-12-30', 0, 0),
(142, 8, 0, 'Jurnal', 'fa fa-book', '#', 'induk', NULL, NULL, 1, 0),
(143, 1, 142, 'Kas Masuk', 'glyphicon glyphicon-play', 'kasmasuk', NULL, '2018-01-30', '2018-01-30', 0, 0),
(144, 3, 123, 'Laporan Rincian Pembelian', 'glyphicon glyphicon-play', 'rincibeli', NULL, '2018-03-26', '2018-03-26', 0, 0),
(145, 4, 123, 'Laporan Rekap Pembelian', 'glyphicon glyphicon-play', 'rekapbeli', NULL, '2018-03-26', '2018-03-26', 0, 0),
(146, 2, 142, 'Kas Keluar', 'glyphicon glyphicon-play', 'kaskeluar', NULL, '2018-03-26', '2018-03-26', 0, 0),
(147, 5, 123, 'Laba Kotor', 'glyphicon glyphicon-play', 'labakotor', NULL, '2018-03-26', '2018-03-26', 0, 0);

-- --------------------------------------------------------

--
-- Table structure for table `pel`
--

DROP TABLE IF EXISTS `pel`;
CREATE TABLE `pel` (
  `id` int(11) NOT NULL,
  `nama` varchar(40) DEFAULT NULL,
  `alamat` varchar(40) DEFAULT NULL,
  `email` varchar(40) DEFAULT NULL,
  `nobm` varchar(30) DEFAULT NULL,
  `telp` varchar(40) DEFAULT NULL,
  `pinbb` varchar(20) DEFAULT NULL,
  `updated_at` datetime DEFAULT NULL,
  `created_at` datetime DEFAULT NULL
) ENGINE=InnoDB DEFAULT CHARSET=latin1;

--
-- Truncate table before insert `pel`
--

TRUNCATE TABLE `pel`;
--
-- Dumping data for table `pel`
--

INSERT INTO `pel` (`id`, `nama`, `alamat`, `email`, `nobm`, `telp`, `pinbb`, `updated_at`, `created_at`) VALUES
(1, 'Eko Siantar', 'Pekanbaru', 'abdijaya@gmail.com', '23432435454', '08243434343', 'sdsds', '2017-07-17 04:55:57', NULL),
(2, 'Rudi Pramono', 'Jl Sudirman Pekanbaru', 'imu@gmai.com', '46436565665', '0813565656', '-', '2017-07-17 04:56:04', '2017-02-11 10:54:58'),
(3, 'Cash', '', NULL, '', '', '', '2017-03-11 15:46:20', '2017-03-11 15:46:20'),
(79, 'Andi Saputra', 'Jakarta', NULL, '13243434355454564', '081323434254', 'E4345454', '2017-07-17 04:54:56', '2017-06-07 09:01:12'),
(80, 'assadsadx', 'asdasdx', NULL, NULL, 'sadsadx', 'asdsadsax', '2017-08-23 06:16:11', '2017-08-23 06:15:16');

-- --------------------------------------------------------

--
-- Table structure for table `pem`
--

DROP TABLE IF EXISTS `pem`;
CREATE TABLE `pem` (
  `id` int(11) NOT NULL,
  `nama` varchar(40) DEFAULT NULL,
  `alamat` varchar(40) DEFAULT NULL,
  `email` varchar(40) DEFAULT NULL,
  `pinbb` varchar(30) DEFAULT NULL,
  `telp` varchar(40) DEFAULT NULL,
  `kontak` varchar(20) DEFAULT ' ',
  `jt` int(11) DEFAULT NULL,
  `updated_at` datetime DEFAULT NULL,
  `created_at` datetime DEFAULT NULL
) ENGINE=InnoDB DEFAULT CHARSET=latin1;

--
-- Truncate table before insert `pem`
--

TRUNCATE TABLE `pem`;
--
-- Dumping data for table `pem`
--

INSERT INTO `pem` (`id`, `nama`, `alamat`, `email`, `pinbb`, `telp`, `kontak`, `jt`, `updated_at`, `created_at`) VALUES
(1, 'CV. Indah Karya', 'Pekanbaru', 'indah@gmail.com', '32432423', '0813454354354', 'Andika', 10, NULL, NULL),
(2, 'PT. Malan Afhdal', 'Jakarta', 'marlan@gmail.com', '3254234', '081232423432', '', NULL, NULL, NULL);

-- --------------------------------------------------------

--
-- Table structure for table `role`
--

DROP TABLE IF EXISTS `role`;
CREATE TABLE `role` (
  `id` int(11) NOT NULL,
  `nama` char(30) NOT NULL DEFAULT '',
  `updated_at` date DEFAULT NULL,
  `created_at` date DEFAULT NULL
) ENGINE=InnoDB DEFAULT CHARSET=latin1;

--
-- Truncate table before insert `role`
--

TRUNCATE TABLE `role`;
--
-- Dumping data for table `role`
--

INSERT INTO `role` (`id`, `nama`, `updated_at`, `created_at`) VALUES
(1, 'Super Admin', NULL, NULL),
(2, 'Admin', NULL, NULL),
(3, 'User', '2017-12-02', NULL),
(8, 'Pelanggan', '2017-12-01', '2017-11-19');

-- --------------------------------------------------------

--
-- Table structure for table `rolerule`
--

DROP TABLE IF EXISTS `rolerule`;
CREATE TABLE `rolerule` (
  `id` int(11) NOT NULL,
  `idrole` int(11) NOT NULL,
  `idmenu` int(11) NOT NULL,
  `tambah` varchar(3) NOT NULL,
  `edit` varchar(3) NOT NULL,
  `hapus` varchar(3) NOT NULL,
  `created_at` date NOT NULL,
  `updated_at` date NOT NULL
) ENGINE=InnoDB DEFAULT CHARSET=latin1;

--
-- Truncate table before insert `rolerule`
--

TRUNCATE TABLE `rolerule`;
--
-- Dumping data for table `rolerule`
--

INSERT INTO `rolerule` (`id`, `idrole`, `idmenu`, `tambah`, `edit`, `hapus`, `created_at`, `updated_at`) VALUES
(1, 1, 1, '', '', '', '0000-00-00', '0000-00-00'),
(2, 1, 74, '', '', '', '0000-00-00', '0000-00-00'),
(3, 1, 76, '', '', '', '0000-00-00', '0000-00-00'),
(4, 1, 57, '', '', '', '0000-00-00', '0000-00-00'),
(5, 1, 60, '', '', '', '0000-00-00', '0000-00-00'),
(6, 1, 61, '', '', '', '0000-00-00', '0000-00-00'),
(7, 1, 58, '', '', '', '0000-00-00', '0000-00-00'),
(8, 1, 62, '', '', '', '0000-00-00', '0000-00-00'),
(9, 1, 63, '', '', '', '0000-00-00', '0000-00-00'),
(10, 1, 64, '', '', '', '0000-00-00', '0000-00-00'),
(11, 1, 59, '', '', '', '0000-00-00', '0000-00-00'),
(12, 1, 65, '', '', '', '0000-00-00', '0000-00-00'),
(13, 1, 66, '', '', '', '0000-00-00', '0000-00-00'),
(14, 1, 87, '', '', '', '0000-00-00', '0000-00-00'),
(15, 1, 67, '', '', '', '0000-00-00', '0000-00-00'),
(16, 1, 68, '', '', '', '0000-00-00', '0000-00-00'),
(17, 1, 69, '', '', '', '0000-00-00', '0000-00-00'),
(18, 1, 71, '', '', '', '0000-00-00', '0000-00-00'),
(19, 1, 77, '', '', '', '0000-00-00', '0000-00-00'),
(20, 1, 79, '', '', '', '0000-00-00', '0000-00-00'),
(21, 1, 80, '', '', '', '0000-00-00', '0000-00-00'),
(22, 1, 86, '', '', '', '0000-00-00', '0000-00-00'),
(23, 1, 81, 'on', 'on', 'on', '0000-00-00', '0000-00-00'),
(24, 1, 83, 'on', 'on', 'on', '0000-00-00', '0000-00-00'),
(25, 1, 84, '', '', '', '0000-00-00', '0000-00-00'),
(26, 1, 85, '', '', '', '0000-00-00', '0000-00-00'),
(27, 1, 90, '', '', '', '0000-00-00', '0000-00-00'),
(28, 1, 91, '', '', '', '0000-00-00', '0000-00-00'),
(29, 1, 92, '', '', '', '0000-00-00', '0000-00-00'),
(30, 1, 102, '', '', '', '0000-00-00', '0000-00-00'),
(31, 1, 70, '', '', '', '0000-00-00', '0000-00-00'),
(32, 1, 88, '', '', '', '0000-00-00', '0000-00-00'),
(33, 1, 89, '', '', '', '0000-00-00', '0000-00-00'),
(34, 1, 93, '', '', '', '0000-00-00', '0000-00-00'),
(35, 1, 103, '', '', '', '0000-00-00', '0000-00-00');

-- --------------------------------------------------------

--
-- Table structure for table `ruledep`
--

DROP TABLE IF EXISTS `ruledep`;
CREATE TABLE `ruledep` (
  `id` int(11) NOT NULL,
  `iduser` int(11) NOT NULL,
  `iddep` int(11) NOT NULL,
  `boleh` varchar(3) NOT NULL
) ENGINE=InnoDB DEFAULT CHARSET=latin1;

--
-- Truncate table before insert `ruledep`
--

TRUNCATE TABLE `ruledep`;
--
-- Dumping data for table `ruledep`
--

INSERT INTO `ruledep` (`id`, `iduser`, `iddep`, `boleh`) VALUES
(1, 5, 3, 'on'),
(2, 5, 4, 'on'),
(3, 5, 5, 'on'),
(4, 4, 3, 'on'),
(5, 4, 4, ''),
(6, 4, 5, 'on'),
(7, 6, 3, ''),
(8, 6, 4, 'on'),
(9, 6, 5, ''),
(10, 1, 3, 'on'),
(11, 1, 4, 'on'),
(12, 1, 5, '');

-- --------------------------------------------------------

--
-- Table structure for table `sat`
--

DROP TABLE IF EXISTS `sat`;
CREATE TABLE `sat` (
  `id` int(11) NOT NULL,
  `nama` varchar(255) DEFAULT NULL,
  `ordering` tinyint(4) DEFAULT NULL,
  `updated_at` datetime DEFAULT NULL,
  `created_at` datetime DEFAULT NULL
) ENGINE=InnoDB DEFAULT CHARSET=latin1;

--
-- Truncate table before insert `sat`
--

TRUNCATE TABLE `sat`;
--
-- Dumping data for table `sat`
--

INSERT INTO `sat` (`id`, `nama`, `ordering`, `updated_at`, `created_at`) VALUES
(1, 'KG', 2, '2017-02-11 03:35:06', NULL),
(3, 'TON', 3, '2017-02-11 06:19:43', NULL),
(6, 'PCS', NULL, '2017-05-31 06:18:07', NULL);

-- --------------------------------------------------------

--
-- Table structure for table `seting`
--

DROP TABLE IF EXISTS `seting`;
CREATE TABLE `seting` (
  `id` int(11) NOT NULL,
  `np` varchar(100) NOT NULL,
  `alamat` varchar(100) NOT NULL,
  `telp` varchar(12) NOT NULL,
  `email` varchar(50) DEFAULT NULL,
  `iddir` int(3) NOT NULL,
  `idbku` int(3) DEFAULT NULL,
  `idkasir` int(3) NOT NULL,
  `idbpb` int(3) DEFAULT NULL,
  `idbpj` int(3) DEFAULT NULL,
  `idkk` int(3) NOT NULL,
  `idkm` int(3) DEFAULT NULL,
  `pendapatan` int(5) NOT NULL,
  `lababulanini` int(5) NOT NULL,
  `lababerjalan` int(11) NOT NULL,
  `idpk` int(3) DEFAULT NULL,
  `idhk` int(3) DEFAULT NULL,
  `created_at` date NOT NULL,
  `updated_at` date NOT NULL,
  `bln` int(2) NOT NULL,
  `thn` int(4) NOT NULL
) ENGINE=InnoDB DEFAULT CHARSET=latin1;

--
-- Truncate table before insert `seting`
--

TRUNCATE TABLE `seting`;
--
-- Dumping data for table `seting`
--

INSERT INTO `seting` (`id`, `np`, `alamat`, `telp`, `email`, `iddir`, `idbku`, `idkasir`, `idbpb`, `idbpj`, `idkk`, `idkm`, `pendapatan`, `lababulanini`, `lababerjalan`, `idpk`, `idhk`, `created_at`, `updated_at`, `bln`, `thn`) VALUES
(1, 'Source Code Boleh', 'Pekanbaru', '081374472466', 'stlabiah.mkom@gmail.com', 2, 1, 2, 1, 2, 10, 11, 8, 9, 10, 15, 17, '0000-00-00', '2017-09-09', 0, 0);

-- --------------------------------------------------------

--
-- Table structure for table `settings`
--

DROP TABLE IF EXISTS `settings`;
CREATE TABLE `settings` (
  `id` int(11) DEFAULT NULL,
  `key` int(11) DEFAULT NULL,
  `display_name` int(11) DEFAULT NULL,
  `value` int(11) DEFAULT NULL,
  `details` int(11) DEFAULT NULL,
  `type` int(11) DEFAULT NULL,
  `order` int(11) DEFAULT NULL
) ENGINE=InnoDB DEFAULT CHARSET=latin1;

--
-- Truncate table before insert `settings`
--

TRUNCATE TABLE `settings`;
-- --------------------------------------------------------

--
-- Table structure for table `stok`
--

DROP TABLE IF EXISTS `stok`;
CREATE TABLE `stok` (
  `id` int(11) NOT NULL,
  `iddep` int(11) DEFAULT '0',
  `kode` varchar(10) NOT NULL DEFAULT '',
  `nama` varchar(255) DEFAULT NULL,
  `katid` int(11) DEFAULT NULL,
  `jenid` int(11) DEFAULT '0',
  `satid` int(11) DEFAULT NULL,
  `pemid` int(11) DEFAULT NULL,
  `updated_at` timestamp NOT NULL DEFAULT CURRENT_TIMESTAMP,
  `created_at` datetime DEFAULT NULL,
  `hrgakhir` double(15,2) DEFAULT NULL,
  `hrgjual` double(15,2) DEFAULT NULL,
  `hrgrata` double NOT NULL DEFAULT '0',
  `foto` varchar(50) NOT NULL,
  `filename` varchar(50) NOT NULL
) ENGINE=InnoDB DEFAULT CHARSET=latin1;

--
-- Truncate table before insert `stok`
--

TRUNCATE TABLE `stok`;
--
-- Dumping data for table `stok`
--

INSERT INTO `stok` (`id`, `iddep`, `kode`, `nama`, `katid`, `jenid`, `satid`, `pemid`, `updated_at`, `created_at`, `hrgakhir`, `hrgjual`, `hrgrata`, `foto`, `filename`) VALUES
(1, NULL, 'B001', 'Alvo Street Fighter Dewasa', 1, NULL, 3, 1, '2018-04-12 00:15:04', '2018-04-12 07:15:04', 565376.70, 735000.00, 564112.0959999999, '', ''),
(2, NULL, 'B002', 'Alvo Horse Bow Pasundan', 1, NULL, 3, 1, '2018-04-12 00:20:00', '2018-04-12 07:20:00', 642531.65, 835000.00, 642531.65, '', ''),
(3, NULL, 'B003', 'Horse Bow Kayuan', 1, NULL, 3, 1, '2018-04-12 00:23:25', '2018-04-12 07:23:25', 835000.00, 835000.00, 835000, '', ''),
(4, NULL, 'B004', 'Alvo Street Fighter Kids', 1, NULL, 3, 1, '2018-04-12 00:24:41', '2018-04-12 07:24:41', 403840.50, 535000.00, 402711.39, '', ''),
(5, NULL, 'B005', 'Alvo Mindfull', 1, NULL, 3, 1, '2018-04-12 00:25:50', '2018-04-12 07:25:50', 363456.45, 485000.00, 363456.45, '', ''),
(6, NULL, 'B006', 'Alvo Fight Back', 1, NULL, 3, 1, '2018-04-12 00:27:59', '2018-04-12 07:27:59', 278430.38, 435000.00, 278430.38, '', ''),
(7, NULL, 'B007', 'Alvo Elegant Dewasa', 1, NULL, 3, 1, '2018-04-12 00:32:25', '2018-04-12 07:32:25', NULL, 335000.00, 0, '', ''),
(8, NULL, 'B008', 'Alvo Elegant Kids', 1, NULL, 3, 1, '2018-04-12 00:33:02', '2018-04-12 07:33:02', 202997.16, 315000.00, 202997.16, '', ''),
(9, NULL, 'B009', 'Alvo Elegant Long Bow', 1, NULL, 3, 1, '2018-04-12 00:34:11', '2018-04-12 07:34:11', 200791.14, 275000.00, 200791.14, '', ''),
(10, NULL, 'B010', 'Alvo Extreme', 1, NULL, 3, 1, '2018-04-12 00:34:55', '2018-04-12 07:34:55', 243626.59, 375000.00, 243626.59, '', ''),
(11, NULL, 'A001', 'Arrow Bambu Alvo', 2, NULL, 3, 1, '2018-04-12 00:35:53', '2018-04-12 07:35:53', 17134.18, 23000.00, 17134.18, '', ''),
(12, NULL, 'A002', 'Arrow Bambu Abu El Fatih', 1, NULL, 3, 1, '2018-04-12 00:36:21', '2018-04-12 07:36:21', NULL, 35000.00, 0, '', ''),
(13, NULL, 'A003', 'Arrow Musen 6 mm', 2, NULL, 3, 1, '2018-04-12 00:38:08', '2018-04-12 07:38:08', NULL, 45000.00, 0, '', ''),
(14, NULL, 'A004', 'Arrow Musen 7 mm', 1, NULL, 3, 1, '2018-04-12 00:38:28', '2018-04-12 07:38:28', NULL, 45000.00, 0, '', ''),
(15, NULL, 'T001', 'Tas Ardani', 3, NULL, 3, 1, '2018-04-12 00:38:55', '2018-04-12 07:38:55', 215381.60, 275000.00, 215381.6, '', ''),
(16, NULL, 'T002', 'Tas Busur Simple', 3, NULL, 3, 1, '2018-04-12 00:39:21', '2018-04-12 07:39:21', NULL, 275000.00, 0, '', ''),
(17, NULL, 'T003', 'Tas Anak Panah Alvo (Pakai Tabung)', 3, NULL, 3, 1, '2018-04-12 00:59:08', '2018-04-12 07:59:08', 123844.42, 275000.00, 123613.58, '', ''),
(18, NULL, 'T004', 'Tas Anak Panah Punggung Pinggah', 3, NULL, 3, 1, '2018-04-12 01:01:03', '2018-04-12 08:01:03', NULL, 125000.00, 0, '', ''),
(19, NULL, 'T005', 'Tas Anak Panah Pinggang', 3, NULL, 3, 1, '2018-04-12 01:01:39', '2018-04-12 08:01:39', NULL, 95000.00, 0, '', ''),
(20, NULL, 'TR001', 'Bantalan Target 50x50x2', 12, NULL, 3, 1, '2018-04-12 01:08:25', '2018-04-12 08:08:25', 69607.60, 95000.00, 69607.6, '', ''),
(21, NULL, 'TR002', 'Bantalan Target 100x100x2', 12, NULL, 3, 1, '2018-04-12 01:09:07', '2018-04-12 08:09:07', NULL, 275000.00, 0, '', ''),
(22, NULL, 'A005', 'Arrow Fiber Alvo', 2, NULL, 3, 1, '2018-04-12 01:40:47', '2018-04-12 08:40:47', 27999.61, 25000.00, 28063.124285714286, '', ''),
(23, NULL, 'G001', 'Arm Guard + Finger Tab', 8, NULL, 3, 1, '2018-04-12 01:46:04', '2018-04-12 08:46:04', 117797.47, 150000.00, 117797.47000000002, '', ''),
(24, NULL, 'S001', 'Stabilizer', 11, NULL, 3, 1, '2018-04-12 01:46:55', '2018-04-12 08:46:55', 642531.65, 750000.00, 642531.65, '', ''),
(25, NULL, 'S002', 'Bow Stand', 12, NULL, 3, 1, '2018-04-12 01:53:53', '2018-04-12 08:53:53', 155278.49, 145000.00, 155278.49, '', ''),
(26, NULL, 'S003', 'String Street Fighter', 10, NULL, 3, 1, '2018-04-12 20:10:46', '2018-04-13 03:10:46', 59229.94, 85000.00, 59229.94, '', '');

-- --------------------------------------------------------

--
-- Table structure for table `users`
--

DROP TABLE IF EXISTS `users`;
CREATE TABLE `users` (
  `id` int(11) NOT NULL,
  `rolesid` int(11) DEFAULT '0',
  `nama` varchar(255) COLLATE utf8_unicode_ci NOT NULL DEFAULT '',
  `email` varchar(255) COLLATE utf8_unicode_ci NOT NULL DEFAULT '',
  `telp` varchar(20) COLLATE utf8_unicode_ci DEFAULT NULL,
  `koref` varchar(20) COLLATE utf8_unicode_ci DEFAULT NULL,
  `password` varchar(100) COLLATE utf8_unicode_ci NOT NULL DEFAULT '',
  `remember_token` varchar(100) COLLATE utf8_unicode_ci DEFAULT NULL,
  `created_at` timestamp NOT NULL DEFAULT '0000-00-00 00:00:00',
  `rememberToken` varchar(20) COLLATE utf8_unicode_ci DEFAULT NULL,
  `updated_at` timestamp NOT NULL DEFAULT '0000-00-00 00:00:00',
  `layout` int(11) DEFAULT NULL,
  `alamat` varchar(50) COLLATE utf8_unicode_ci DEFAULT NULL,
  `foto` varchar(40) COLLATE utf8_unicode_ci DEFAULT NULL,
  `filename` varchar(40) COLLATE utf8_unicode_ci DEFAULT NULL
) ENGINE=InnoDB DEFAULT CHARSET=utf8 COLLATE=utf8_unicode_ci;

--
-- Truncate table before insert `users`
--

TRUNCATE TABLE `users`;
--
-- Dumping data for table `users`
--

INSERT INTO `users` (`id`, `rolesid`, `nama`, `email`, `telp`, `koref`, `password`, `remember_token`, `created_at`, `rememberToken`, `updated_at`, `layout`, `alamat`, `foto`, `filename`) VALUES
(1, 1, 'Admin SB', 'admin@example.com', '1232434', '1', '$2y$10$QrGBtmcNt9UwHa4hGaPniuDGhvHUT8scljh.UKUooaFn8v7Gk2W4u', 'YVlapRTul7XSPPHkpBBb5zllD87VaVmfo3rc1aV7uqr8mYEZeQnyIP1Ivnm9', '2016-11-06 07:26:54', NULL, '2018-04-04 20:10:19', 0, NULL, NULL, NULL),
(2, 2, 'Syahril, M.Kom', 'admin@admin.com', '3243434', NULL, '$2y$10$QrGBtmcNt9UwHa4hGaPniuDGhvHUT8scljh.UKUooaFn8v7Gk2W4u', 'o9xMjd2FQY3DFozWtPbe7JKZDnOSCVUHkMFYptKSPinrGNZuLPUnwL4vcAnF', '0000-00-00 00:00:00', NULL, '2017-11-04 00:12:39', 1, NULL, NULL, NULL),
(4, 1, 'Alin', '081266727080', NULL, NULL, '$2y$10$USZ38NK5nfUnBPjrHzVzwO9kxMpxiYCsd1iN7VF67/iE0YjAyDkvq', '9S4tWhnKVyijIGGOtSTgeCTDGhhcuIJwd6l7l5O7tKzD7ZQBmcwhnXvr8GFC', '2017-10-22 05:33:46', NULL, '2017-10-22 05:44:52', NULL, '', NULL, NULL),
(5, 3, 'Sopir 11111', 'xxxxx', NULL, NULL, '$2y$10$N4vdYY9NQ1QKIs0I2/FxousJ6bHJ4MB2nER3bCblOcWAu0A4yUMEa', NULL, '2017-10-26 21:00:52', NULL, '2017-10-26 21:00:52', NULL, 'xxx', NULL, NULL),
(6, 2, 'Admin DBW', 'admin', NULL, NULL, '$2y$10$YT9D8CzplAFk6yVpXsvrfu0FjvQm/1P/OTSjcnGKLXpSj.ZOjPVgy', NULL, '2017-10-27 16:47:28', NULL, '2017-10-27 16:47:28', NULL, 'PKU', NULL, NULL),
(28, 4, 'CV. Eri Maju', 'eri@maju.com', '081374472466', NULL, '', NULL, '2017-11-30 17:56:12', NULL, '2017-11-30 17:56:12', NULL, 'Medan', NULL, NULL),
(29, 4, 'Eri Jaya', 'eri@maju.com', '081374472466', NULL, '', NULL, '2017-11-30 17:56:57', NULL, '2017-11-30 17:56:57', NULL, 'Medan', NULL, NULL),
(33, 4, 'Toko Maju Jaya', 'maju@jaya.com', '082372545282', NULL, '', NULL, '2017-11-30 18:13:06', NULL, '2017-12-01 02:02:19', NULL, 'Jakarta', NULL, NULL),
(34, 4, 'CV. Andriko Utama', 'andriko@gmail.com', '081234325435', NULL, '', NULL, '2017-11-30 18:13:39', NULL, '2017-12-01 23:29:01', NULL, 'Palembang', NULL, NULL),
(35, 4, 'Toko Adi Makmur', 'adimakmur@gmail.com', '083243242334', NULL, '', NULL, '2017-12-01 02:02:02', NULL, '2017-12-01 02:02:02', NULL, 'Jakarta', NULL, NULL);

-- --------------------------------------------------------

--
-- Stand-in structure for view `vbelirata`
--
DROP VIEW IF EXISTS `vbelirata`;
CREATE TABLE `vbelirata` (
`idstok` int(11)
,`hrgrata` double(23,6)
);

-- --------------------------------------------------------

--
-- Stand-in structure for view `vhrgrata`
--
DROP VIEW IF EXISTS `vhrgrata`;
CREATE TABLE `vhrgrata` (
`id` int(11)
,`hrgrata` double(23,6)
);

-- --------------------------------------------------------

--
-- Structure for view `vbelirata`
--
DROP TABLE IF EXISTS `vbelirata`;

CREATE ALGORITHM=UNDEFINED DEFINER=`root`@`localhost` SQL SECURITY DEFINER VIEW `vbelirata`  AS  select `belid`.`idstok` AS `idstok`,(sum((`belid`.`jml` * `belid`.`harga`)) / sum(`belid`.`jml`)) AS `hrgrata` from `belid` where (`belid`.`kode` = 'B') group by `belid`.`idstok` ;

-- --------------------------------------------------------

--
-- Structure for view `vhrgrata`
--
DROP TABLE IF EXISTS `vhrgrata`;

CREATE ALGORITHM=UNDEFINED DEFINER=`root`@`localhost` SQL SECURITY DEFINER VIEW `vhrgrata`  AS  select `stok`.`id` AS `id`,ifnull(`vbelirata`.`hrgrata`,0) AS `hrgrata` from (`stok` left join `vbelirata` on((`stok`.`id` = `vbelirata`.`idstok`))) ;

--
-- Indexes for dumped tables
--

--
-- Indexes for table `admins`
--
ALTER TABLE `admins`
  ADD PRIMARY KEY (`id`),
  ADD UNIQUE KEY `email` (`email`);

--
-- Indexes for table `agama`
--
ALTER TABLE `agama`
  ADD PRIMARY KEY (`id`);

--
-- Indexes for table `akun`
--
ALTER TABLE `akun`
  ADD PRIMARY KEY (`id`),
  ADD UNIQUE KEY `ID` (`id`),
  ADD KEY `L1` (`L1`),
  ADD KEY `L2` (`L2`),
  ADD KEY `L3` (`L3`),
  ADD KEY `id_2` (`id`);

--
-- Indexes for table `banner`
--
ALTER TABLE `banner`
  ADD PRIMARY KEY (`id`);

--
-- Indexes for table `bannerd`
--
ALTER TABLE `bannerd`
  ADD PRIMARY KEY (`id`);

--
-- Indexes for table `belid`
--
ALTER TABLE `belid`
  ADD UNIQUE KEY `id` (`id`),
  ADD KEY `nobel` (`nobel`);

--
-- Indexes for table `belim`
--
ALTER TABLE `belim`
  ADD PRIMARY KEY (`nobel`),
  ADD UNIQUE KEY `id` (`id`),
  ADD UNIQUE KEY `id_2` (`id`),
  ADD UNIQUE KEY `nobel` (`nobel`),
  ADD UNIQUE KEY `id_3` (`id`),
  ADD KEY `idsup` (`idsup`),
  ADD KEY `idter` (`idter`);

--
-- Indexes for table `bual`
--
ALTER TABLE `bual`
  ADD PRIMARY KEY (`id`),
  ADD UNIQUE KEY `kode` (`kode`);

--
-- Indexes for table `bulan`
--
ALTER TABLE `bulan`
  ADD PRIMARY KEY (`noBulan`),
  ADD UNIQUE KEY `NoBulan` (`noBulan`);

--
-- Indexes for table `departemen`
--
ALTER TABLE `departemen`
  ADD PRIMARY KEY (`id`),
  ADD UNIQUE KEY `iddepar` (`id`,`iddev`),
  ADD KEY `iddev` (`iddev`);

--
-- Indexes for table `devisi`
--
ALTER TABLE `devisi`
  ADD PRIMARY KEY (`id`),
  ADD UNIQUE KEY `nadev` (`nadev`);

--
-- Indexes for table `hupi`
--
ALTER TABLE `hupi`
  ADD PRIMARY KEY (`id`);

--
-- Indexes for table `jenis`
--
ALTER TABLE `jenis`
  ADD PRIMARY KEY (`id`);

--
-- Indexes for table `jualm`
--
ALTER TABLE `jualm`
  ADD PRIMARY KEY (`nojual`),
  ADD UNIQUE KEY `id` (`id`),
  ADD UNIQUE KEY `id_2` (`id`),
  ADD UNIQUE KEY `nobel` (`nojual`),
  ADD UNIQUE KEY `id_3` (`id`);

--
-- Indexes for table `kaskeluard`
--
ALTER TABLE `kaskeluard`
  ADD PRIMARY KEY (`id`);

--
-- Indexes for table `kaskeluarm`
--
ALTER TABLE `kaskeluarm`
  ADD PRIMARY KEY (`id`);

--
-- Indexes for table `kate`
--
ALTER TABLE `kate`
  ADD PRIMARY KEY (`id`),
  ADD UNIQUE KEY `id` (`id`);

--
-- Indexes for table `layoutmenu`
--
ALTER TABLE `layoutmenu`
  ADD PRIMARY KEY (`id`);

--
-- Indexes for table `mek`
--
ALTER TABLE `mek`
  ADD PRIMARY KEY (`id`);

--
-- Indexes for table `menu`
--
ALTER TABLE `menu`
  ADD PRIMARY KEY (`id`);

--
-- Indexes for table `pel`
--
ALTER TABLE `pel`
  ADD PRIMARY KEY (`id`);

--
-- Indexes for table `pem`
--
ALTER TABLE `pem`
  ADD PRIMARY KEY (`id`),
  ADD KEY `id` (`id`);

--
-- Indexes for table `role`
--
ALTER TABLE `role`
  ADD PRIMARY KEY (`id`);

--
-- Indexes for table `rolerule`
--
ALTER TABLE `rolerule`
  ADD PRIMARY KEY (`id`);

--
-- Indexes for table `ruledep`
--
ALTER TABLE `ruledep`
  ADD PRIMARY KEY (`id`);

--
-- Indexes for table `stok`
--
ALTER TABLE `stok`
  ADD PRIMARY KEY (`id`);

--
-- Indexes for table `users`
--
ALTER TABLE `users`
  ADD PRIMARY KEY (`id`);

--
-- AUTO_INCREMENT for dumped tables
--

--
-- AUTO_INCREMENT for table `belid`
--
ALTER TABLE `belid`
  MODIFY `id` int(11) NOT NULL AUTO_INCREMENT, AUTO_INCREMENT=25;
--
-- AUTO_INCREMENT for table `belim`
--
ALTER TABLE `belim`
  MODIFY `id` int(11) NOT NULL AUTO_INCREMENT, AUTO_INCREMENT=25;
--
-- AUTO_INCREMENT for table `departemen`
--
ALTER TABLE `departemen`
  MODIFY `id` int(11) NOT NULL AUTO_INCREMENT COMMENT 'id departemen', AUTO_INCREMENT=6;
--
-- AUTO_INCREMENT for table `devisi`
--
ALTER TABLE `devisi`
  MODIFY `id` int(11) NOT NULL AUTO_INCREMENT, AUTO_INCREMENT=28;
--
-- AUTO_INCREMENT for table `hupi`
--
ALTER TABLE `hupi`
  MODIFY `id` int(11) NOT NULL AUTO_INCREMENT, AUTO_INCREMENT=2;
--
-- AUTO_INCREMENT for table `jualm`
--
ALTER TABLE `jualm`
  MODIFY `id` int(11) NOT NULL AUTO_INCREMENT;
--
-- AUTO_INCREMENT for table `kaskeluard`
--
ALTER TABLE `kaskeluard`
  MODIFY `id` int(11) NOT NULL AUTO_INCREMENT, AUTO_INCREMENT=2;
--
-- AUTO_INCREMENT for table `kaskeluarm`
--
ALTER TABLE `kaskeluarm`
  MODIFY `id` int(11) NOT NULL AUTO_INCREMENT, AUTO_INCREMENT=2;
--
-- AUTO_INCREMENT for table `kate`
--
ALTER TABLE `kate`
  MODIFY `id` int(11) NOT NULL AUTO_INCREMENT, AUTO_INCREMENT=16;
--
-- AUTO_INCREMENT for table `menu`
--
ALTER TABLE `menu`
  MODIFY `id` int(11) NOT NULL AUTO_INCREMENT, AUTO_INCREMENT=148;
--
-- AUTO_INCREMENT for table `pel`
--
ALTER TABLE `pel`
  MODIFY `id` int(11) NOT NULL AUTO_INCREMENT, AUTO_INCREMENT=81;
--
-- AUTO_INCREMENT for table `pem`
--
ALTER TABLE `pem`
  MODIFY `id` int(11) NOT NULL AUTO_INCREMENT, AUTO_INCREMENT=3;
--
-- AUTO_INCREMENT for table `role`
--
ALTER TABLE `role`
  MODIFY `id` int(11) NOT NULL AUTO_INCREMENT, AUTO_INCREMENT=9;
--
-- AUTO_INCREMENT for table `rolerule`
--
ALTER TABLE `rolerule`
  MODIFY `id` int(11) NOT NULL AUTO_INCREMENT, AUTO_INCREMENT=36;
--
-- AUTO_INCREMENT for table `ruledep`
--
ALTER TABLE `ruledep`
  MODIFY `id` int(11) NOT NULL AUTO_INCREMENT, AUTO_INCREMENT=13;
--
-- AUTO_INCREMENT for table `stok`
--
ALTER TABLE `stok`
  MODIFY `id` int(11) NOT NULL AUTO_INCREMENT, AUTO_INCREMENT=27;
--
-- AUTO_INCREMENT for table `users`
--
ALTER TABLE `users`
  MODIFY `id` int(11) NOT NULL AUTO_INCREMENT, AUTO_INCREMENT=36;
/*!40101 SET CHARACTER_SET_CLIENT=@OLD_CHARACTER_SET_CLIENT */;
/*!40101 SET CHARACTER_SET_RESULTS=@OLD_CHARACTER_SET_RESULTS */;
/*!40101 SET COLLATION_CONNECTION=@OLD_COLLATION_CONNECTION */;
